ref,image,correct answer,explanation
NV_7_21_1,P7_Q21_1.png,D,Thick Outer lines must connect to Corners; Thick Inner lines must connect to Sides. Option D (Pentagon) breaks this rule.
NV_7_21_2,P7_Q21_2.png,B,Thick Outer lines must connect to Sides; Thick Inner lines must connect to Corners. Option B (Pentagon) breaks this rule.
NV_7_21_3,P7_Q21_3.png,E,Thick Outer lines must connect to Corners; Thick Inner lines must connect to Sides. Option E (Octagon) breaks this rule.
NV_7_21_4,P7_Q21_4.png,B,Thick Outer lines must connect to Corners; Thick Inner lines must connect to Sides. Option B (Triangle) breaks this rule.
NV_7_21_5,P7_Q21_5.png,E,Thick Outer lines must connect to Sides; Thick Inner lines must connect to Corners. Option E (Octagon) breaks this rule.
NV_7_21_6,P7_Q21_6.png,B,Thick Outer lines must connect to Sides; Thick Inner lines must connect to Corners. Option B (Hexagon) breaks this rule.
NV_7_21_7,P7_Q21_7.png,B,Thick Outer lines must connect to Sides; Thick Inner lines must connect to Corners. Option B (Pentagon) breaks this rule.
NV_7_21_8,P7_Q21_8.png,D,Thick Outer lines must connect to Corners; Thick Inner lines must connect to Sides. Option D (Octagon) breaks this rule.
NV_7_21_9,P7_Q21_9.png,D,Thick Outer lines must connect to Sides; Thick Inner lines must connect to Corners. Option D (Hexagon) breaks this rule.
NV_7_21_10,P7_Q21_10.png,D,Thick Outer lines must connect to Corners; Thick Inner lines must connect to Sides. Option D (Square) breaks this rule.
NV_7_21_11,P7_Q21_11.png,C,Thick Outer lines must connect to Sides; Thick Inner lines must connect to Corners. Option C (Pentagon) breaks this rule.
NV_7_21_12,P7_Q21_12.png,C,Thick Outer lines must connect to Corners; Thick Inner lines must connect to Sides. Option C (Square) breaks this rule.
NV_7_21_13,P7_Q21_13.png,D,Thick Outer lines must connect to Corners; Thick Inner lines must connect to Sides. Option D (Pentagon) breaks this rule.
NV_7_21_14,P7_Q21_14.png,C,Thick Outer lines must connect to Sides; Thick Inner lines must connect to Corners. Option C (Square) breaks this rule.
NV_7_21_15,P7_Q21_15.png,A,Thick Outer lines must connect to Corners; Thick Inner lines must connect to Sides. Option A (Triangle) breaks this rule.
NV_7_21_16,P7_Q21_16.png,C,Thick Outer lines must connect to Sides; Thick Inner lines must connect to Corners. Option C (Triangle) breaks this rule.
NV_7_21_17,P7_Q21_17.png,D,Thick Outer lines must connect to Corners; Thick Inner lines must connect to Sides. Option D (Hexagon) breaks this rule.
NV_7_21_18,P7_Q21_18.png,C,Thick Outer lines must connect to Corners; Thick Inner lines must connect to Sides. Option C (Square) breaks this rule.
NV_7_21_19,P7_Q21_19.png,C,Thick Outer lines must connect to Sides; Thick Inner lines must connect to Corners. Option C (Triangle) breaks this rule.
NV_7_21_20,P7_Q21_20.png,B,Thick Outer lines must connect to Sides; Thick Inner lines must connect to Corners. Option B (Triangle) breaks this rule.
NV_7_21_21,P7_Q21_21.png,B,Thick Outer lines must connect to Corners; Thick Inner lines must connect to Sides. Option B (Triangle) breaks this rule.
NV_7_21_22,P7_Q21_22.png,E,Thick Outer lines must connect to Sides; Thick Inner lines must connect to Corners. Option E (Octagon) breaks this rule.
NV_7_21_23,P7_Q21_23.png,B,Thick Outer lines must connect to Corners; Thick Inner lines must connect to Sides. Option B (Square) breaks this rule.
NV_7_21_24,P7_Q21_24.png,E,Thick Outer lines must connect to Sides; Thick Inner lines must connect to Corners. Option E (Triangle) breaks this rule.
NV_7_21_25,P7_Q21_25.png,A,Thick Outer lines must connect to Corners; Thick Inner lines must connect to Sides. Option A (Square) breaks this rule.
NV_7_21_26,P7_Q21_26.png,A,Thick Outer lines must connect to Corners; Thick Inner lines must connect to Sides. Option A (Pentagon) breaks this rule.
NV_7_21_27,P7_Q21_27.png,C,Thick Outer lines must connect to Corners; Thick Inner lines must connect to Sides. Option C (Pentagon) breaks this rule.
NV_7_21_28,P7_Q21_28.png,B,Thick Outer lines must connect to Sides; Thick Inner lines must connect to Corners. Option B (Hexagon) breaks this rule.
NV_7_21_29,P7_Q21_29.png,B,Thick Outer lines must connect to Sides; Thick Inner lines must connect to Corners. Option B (Square) breaks this rule.
NV_7_21_30,P7_Q21_30.png,E,Thick Outer lines must connect to Sides; Thick Inner lines must connect to Corners. Option E (Octagon) breaks this rule.
NV_7_21_31,P7_Q21_31.png,B,Thick Outer lines must connect to Sides; Thick Inner lines must connect to Corners. Option B (Octagon) breaks this rule.
NV_7_21_32,P7_Q21_32.png,C,Thick Outer lines must connect to Sides; Thick Inner lines must connect to Corners. Option C (Pentagon) breaks this rule.
NV_7_21_33,P7_Q21_33.png,B,Thick Outer lines must connect to Corners; Thick Inner lines must connect to Sides. Option B (Pentagon) breaks this rule.
NV_7_21_34,P7_Q21_34.png,D,Thick Outer lines must connect to Sides; Thick Inner lines must connect to Corners. Option D (Octagon) breaks this rule.
NV_7_21_35,P7_Q21_35.png,D,Thick Outer lines must connect to Sides; Thick Inner lines must connect to Corners. Option D (Octagon) breaks this rule.
NV_7_21_36,P7_Q21_36.png,A,Thick Outer lines must connect to Corners; Thick Inner lines must connect to Sides. Option A (Octagon) breaks this rule.
NV_7_21_37,P7_Q21_37.png,B,Thick Outer lines must connect to Sides; Thick Inner lines must connect to Corners. Option B (Octagon) breaks this rule.
NV_7_21_38,P7_Q21_38.png,A,Thick Outer lines must connect to Corners; Thick Inner lines must connect to Sides. Option A (Triangle) breaks this rule.
NV_7_21_39,P7_Q21_39.png,E,Thick Outer lines must connect to Sides; Thick Inner lines must connect to Corners. Option E (Pentagon) breaks this rule.
NV_7_21_40,P7_Q21_40.png,C,Thick Outer lines must connect to Sides; Thick Inner lines must connect to Corners. Option C (Triangle) breaks this rule.
NV_7_21_41,P7_Q21_41.png,C,Thick Outer lines must connect to Sides; Thick Inner lines must connect to Corners. Option C (Square) breaks this rule.
NV_7_21_42,P7_Q21_42.png,C,Thick Outer lines must connect to Corners; Thick Inner lines must connect to Sides. Option C (Square) breaks this rule.
NV_7_21_43,P7_Q21_43.png,C,Thick Outer lines must connect to Corners; Thick Inner lines must connect to Sides. Option C (Pentagon) breaks this rule.
NV_7_21_44,P7_Q21_44.png,D,Thick Outer lines must connect to Sides; Thick Inner lines must connect to Corners. Option D (Octagon) breaks this rule.
NV_7_21_45,P7_Q21_45.png,D,Thick Outer lines must connect to Corners; Thick Inner lines must connect to Sides. Option D (Triangle) breaks this rule.
NV_7_21_46,P7_Q21_46.png,D,Thick Outer lines must connect to Sides; Thick Inner lines must connect to Corners. Option D (Triangle) breaks this rule.
NV_7_21_47,P7_Q21_47.png,C,Thick Outer lines must connect to Sides; Thick Inner lines must connect to Corners. Option C (Pentagon) breaks this rule.
NV_7_21_48,P7_Q21_48.png,E,Thick Outer lines must connect to Corners; Thick Inner lines must connect to Sides. Option E (Square) breaks this rule.
NV_7_21_49,P7_Q21_49.png,A,Thick Outer lines must connect to Sides; Thick Inner lines must connect to Corners. Option A (Hexagon) breaks this rule.
NV_7_21_50,P7_Q21_50.png,B,Thick Outer lines must connect to Corners; Thick Inner lines must connect to Sides. Option B (Triangle) breaks this rule.
NV_7_22_1,Logic_Q1.png,B,"The rule is based on Center Lines. In four figures, they are Plus (+). Option B is the odd one out because it has Cross (x)."
NV_7_22_2,Logic_Q2.png,C,"The rule is based on Center Lines. In four figures, they are Cross (x). Option C is the odd one out because it has Plus (+)."
NV_7_22_3,Logic_Q3.png,C,"The rule is based on Center Lines. In four figures, they are Plus (+). Option C is the odd one out because it has Cross (x)."
NV_7_22_4,Logic_Q4.png,C,"The rule is based on Circle Position. In four figures, they are Opposite sides. Option C is the odd one out because it has 90° apart."
NV_7_22_5,Logic_Q5.png,D,"The rule is based on Center Lines. In four figures, they are Plus (+). Option D is the odd one out because it has Cross (x)."
NV_7_22_6,Logic_Q6.png,A,"The rule is based on Circle Shading. In four figures, they are Black circles. Option A is the odd one out because it has White circles."
NV_7_22_7,Logic_Q7.png,E,"The rule is based on Center Lines. In four figures, they are Cross (x). Option E is the odd one out because it has Plus (+)."
NV_7_22_8,Logic_Q8.png,E,"The rule is based on Center Lines. In four figures, they are Cross (x). Option E is the odd one out because it has Plus (+)."
NV_7_22_9,Logic_Q9.png,D,"The rule is based on Circle Position. In four figures, they are Opposite sides. Option D is the odd one out because it has 90° apart."
NV_7_22_10,Logic_Q10.png,B,"The rule is based on Center Lines. In four figures, they are Cross (x). Option B is the odd one out because it has Plus (+)."
NV_7_22_11,Logic_Q11.png,D,"The rule is based on Circle Shading. In four figures, they are White circles. Option D is the odd one out because it has Black circles."
NV_7_22_12,Logic_Q12.png,B,"The rule is based on Center Lines. In four figures, they are Plus (+). Option B is the odd one out because it has Cross (x)."
NV_7_22_13,Logic_Q13.png,B,"The rule is based on Circle Shading. In four figures, they are Black circles. Option B is the odd one out because it has White circles."
NV_7_22_14,Logic_Q14.png,E,"The rule is based on Circle Position. In four figures, they are Opposite sides. Option E is the odd one out because it has 90° apart."
NV_7_22_15,Logic_Q15.png,C,"The rule is based on Circle Shading. In four figures, they are Black circles. Option C is the odd one out because it has White circles."
NV_7_22_16,Logic_Q16.png,D,"The rule is based on Circle Position. In four figures, they are Opposite sides. Option D is the odd one out because it has 90° apart."
NV_7_22_17,Logic_Q17.png,A,"The rule is based on Circle Position. In four figures, they are 90° apart. Option A is the odd one out because it has Opposite sides."
NV_7_22_18,Logic_Q18.png,E,"The rule is based on Center Lines. In four figures, they are Plus (+). Option E is the odd one out because it has Cross (x)."
NV_7_22_19,Logic_Q19.png,B,"The rule is based on Circle Shading. In four figures, they are Black circles. Option B is the odd one out because it has White circles."
NV_7_22_20,Logic_Q20.png,A,"The rule is based on Circle Position. In four figures, they are Opposite sides. Option A is the odd one out because it has 90° apart."
NV_7_22_21,Logic_Q21.png,C,"The rule is based on Center Lines. In four figures, they are Cross (x). Option C is the odd one out because it has Plus (+)."
NV_7_22_22,Logic_Q22.png,D,"The rule is based on Center Lines. In four figures, they are Plus (+). Option D is the odd one out because it has Cross (x)."
NV_7_22_23,Logic_Q23.png,C,"The rule is based on Circle Position. In four figures, they are Opposite sides. Option C is the odd one out because it has 90° apart."
NV_7_22_24,Logic_Q24.png,E,"The rule is based on Center Lines. In four figures, they are Plus (+). Option E is the odd one out because it has Cross (x)."
NV_7_22_25,Logic_Q25.png,A,"The rule is based on Circle Shading. In four figures, they are White circles. Option A is the odd one out because it has Black circles."
NV_7_22_26,Logic_Q26.png,E,"The rule is based on Center Lines. In four figures, they are Plus (+). Option E is the odd one out because it has Cross (x)."
NV_7_22_27,Logic_Q27.png,E,"The rule is based on Center Lines. In four figures, they are Plus (+). Option E is the odd one out because it has Cross (x)."
NV_7_22_28,Logic_Q28.png,A,"The rule is based on Circle Position. In four figures, they are 90° apart. Option A is the odd one out because it has Opposite sides."
NV_7_22_29,Logic_Q29.png,B,"The rule is based on Circle Position. In four figures, they are 90° apart. Option B is the odd one out because it has Opposite sides."
NV_7_22_30,Logic_Q30.png,B,"The rule is based on Circle Position. In four figures, they are Opposite sides. Option B is the odd one out because it has 90° apart."
NV_7_22_31,Logic_Q31.png,A,"The rule is based on Circle Position. In four figures, they are 90° apart. Option A is the odd one out because it has Opposite sides."
NV_7_22_32,Logic_Q32.png,E,"The rule is based on Circle Shading. In four figures, they are Black circles. Option E is the odd one out because it has White circles."
NV_7_22_33,Logic_Q33.png,D,"The rule is based on Center Lines. In four figures, they are Cross (x). Option D is the odd one out because it has Plus (+)."
NV_7_22_34,Logic_Q34.png,C,"The rule is based on Center Lines. In four figures, they are Cross (x). Option C is the odd one out because it has Plus (+)."
NV_7_22_35,Logic_Q35.png,C,"The rule is based on Center Lines. In four figures, they are Plus (+). Option C is the odd one out because it has Cross (x)."
NV_7_22_36,Logic_Q36.png,C,"The rule is based on Circle Shading. In four figures, they are White circles. Option C is the odd one out because it has Black circles."
NV_7_22_37,Logic_Q37.png,C,"The rule is based on Center Lines. In four figures, they are Cross (x). Option C is the odd one out because it has Plus (+)."
NV_7_22_38,Logic_Q38.png,A,"The rule is based on Circle Position. In four figures, they are 90° apart. Option A is the odd one out because it has Opposite sides."
NV_7_22_39,Logic_Q39.png,D,"The rule is based on Circle Shading. In four figures, they are White circles. Option D is the odd one out because it has Black circles."
NV_7_22_40,Logic_Q40.png,E,"The rule is based on Center Lines. In four figures, they are Plus (+). Option E is the odd one out because it has Cross (x)."
NV_7_22_41,Logic_Q41.png,A,"The rule is based on Circle Shading. In four figures, they are White circles. Option A is the odd one out because it has Black circles."
NV_7_22_42,Logic_Q42.png,A,"The rule is based on Circle Position. In four figures, they are 90° apart. Option A is the odd one out because it has Opposite sides."
NV_7_22_43,Logic_Q43.png,C,"The rule is based on Center Lines. In four figures, they are Plus (+). Option C is the odd one out because it has Cross (x)."
NV_7_22_44,Logic_Q44.png,A,"The rule is based on Circle Position. In four figures, they are Opposite sides. Option A is the odd one out because it has 90° apart."
NV_7_22_45,Logic_Q45.png,C,"The rule is based on Center Lines. In four figures, they are Plus (+). Option C is the odd one out because it has Cross (x)."
NV_7_22_46,Logic_Q46.png,D,"The rule is based on Center Lines. In four figures, they are Cross (x). Option D is the odd one out because it has Plus (+)."
NV_7_22_47,Logic_Q47.png,D,"The rule is based on Center Lines. In four figures, they are Plus (+). Option D is the odd one out because it has Cross (x)."
NV_7_22_48,Logic_Q48.png,E,"The rule is based on Center Lines. In four figures, they are Plus (+). Option E is the odd one out because it has Cross (x)."
NV_7_22_49,Logic_Q49.png,B,"The rule is based on Circle Shading. In four figures, they are Black circles. Option B is the odd one out because it has White circles."
NV_7_22_50,Logic_Q50.png,C,"The rule is based on Circle Position. In four figures, they are 90° apart. Option C is the odd one out because it has Opposite sides."
NV_7_24_1,Overlap_Q1.png,D,The rule involves the number of overlapping corners. Four options overlap at a 'Vertex' (1 corner inside). Option D overlaps along an 'Edge' (2 corners inside).
NV_7_24_2,Overlap_Q2.png,A,The rule involves the number of overlapping corners. Four options overlap at a 'Vertex' (1 corner inside). Option A overlaps along an 'Edge' (2 corners inside).
NV_7_24_3,Overlap_Q3.png,C,The rule involves the number of overlapping corners. Four options overlap at a 'Vertex' (1 corner inside). Option C overlaps along an 'Edge' (2 corners inside).
NV_7_24_4,Overlap_Q4.png,B,The rule involves the number of overlapping corners. Four options overlap at a 'Vertex' (1 corner inside). Option B overlaps along an 'Edge' (2 corners inside).
NV_7_24_5,Overlap_Q5.png,D,The rule involves the number of overlapping corners. Four options overlap at a 'Vertex' (1 corner inside). Option D overlaps along an 'Edge' (2 corners inside).
NV_7_24_6,Overlap_Q6.png,C,The rule involves the number of overlapping corners. Four options overlap at a 'Vertex' (1 corner inside). Option C overlaps along an 'Edge' (2 corners inside).
NV_7_24_7,Overlap_Q7.png,E,The rule involves the number of overlapping corners. Four options overlap at a 'Vertex' (1 corner inside). Option E overlaps along an 'Edge' (2 corners inside).
NV_7_24_8,Overlap_Q8.png,D,The rule involves the number of overlapping corners. Four options overlap at a 'Vertex' (1 corner inside). Option D overlaps along an 'Edge' (2 corners inside).
NV_7_24_9,Overlap_Q9.png,E,The rule involves the number of overlapping corners. Four options overlap at a 'Vertex' (1 corner inside). Option E overlaps along an 'Edge' (2 corners inside).
NV_7_24_10,Overlap_Q10.png,D,The rule involves the number of overlapping corners. Four options overlap at a 'Vertex' (1 corner inside). Option D overlaps along an 'Edge' (2 corners inside).
NV_7_25_1,Ovals_Q1.png,C,"The rule is based on Inner Colour. In four figures, the property is Grey. Option C is the odd one out because it is White."
NV_7_25_2,Ovals_Q2.png,C,"The rule is based on Outer Colour. In four figures, the property is Black. Option C is the odd one out because it is Grey."
NV_7_25_3,Ovals_Q3.png,C,"The rule is based on Orientation. In four figures, the property is Aligned. Option C is the odd one out because it is Rotated (90°)."
NV_7_25_4,Ovals_Q4.png,C,"The rule is based on Inner Colour. In four figures, the property is Black. Option C is the odd one out because it is White."
NV_7_25_5,Ovals_Q5.png,D,"The rule is based on Outer Colour. In four figures, the property is White. Option D is the odd one out because it is Black."
NV_7_25_6,Ovals_Q6.png,A,"The rule is based on Orientation. In four figures, the property is Aligned. Option A is the odd one out because it is Rotated (90°)."
NV_7_25_7,Ovals_Q7.png,B,"The rule is based on Orientation. In four figures, the property is Aligned. Option B is the odd one out because it is Rotated (90°)."
NV_7_25_8,Ovals_Q8.png,A,"The rule is based on Outer Colour. In four figures, the property is White. Option A is the odd one out because it is Grey."
NV_7_25_9,Ovals_Q9.png,D,"The rule is based on Outer Colour. In four figures, the property is White. Option D is the odd one out because it is Black."
NV_7_25_10,Ovals_Q10.png,B,"The rule is based on Outer Colour. In four figures, the property is Black. Option B is the odd one out because it is White."
NV_7_25_11,Ovals_Q11.png,B,"The rule is based on Inner Colour. In four figures, the property is White. Option B is the odd one out because it is Black."
NV_7_25_12,Ovals_Q12.png,A,"The rule is based on Inner Colour. In four figures, the property is Grey. Option A is the odd one out because it is White."
NV_7_25_13,Ovals_Q13.png,A,"The rule is based on Outer Colour. In four figures, the property is White. Option A is the odd one out because it is Grey."
NV_7_25_14,Ovals_Q14.png,E,"The rule is based on Orientation. In four figures, the property is Rotated (90°). Option E is the odd one out because it is Aligned."
NV_7_25_15,Ovals_Q15.png,D,"The rule is based on Outer Colour. In four figures, the property is White. Option D is the odd one out because it is Grey."
NV_7_25_16,Ovals_Q16.png,C,"The rule is based on Outer Colour. In four figures, the property is Grey. Option C is the odd one out because it is White."
NV_7_25_17,Ovals_Q17.png,D,"The rule is based on Outer Colour. In four figures, the property is Grey. Option D is the odd one out because it is White."
NV_7_25_18,Ovals_Q18.png,E,"The rule is based on Outer Colour. In four figures, the property is White. Option E is the odd one out because it is Grey."
NV_7_25_19,Ovals_Q19.png,D,"The rule is based on Outer Colour. In four figures, the property is Grey. Option D is the odd one out because it is White."
NV_7_25_20,Ovals_Q20.png,A,"The rule is based on Orientation. In four figures, the property is Aligned. Option A is the odd one out because it is Rotated (90°)."
NV_7_25_21,Ovals_Q21.png,D,"The rule is based on Outer Colour. In four figures, the property is Grey. Option D is the odd one out because it is Black."
NV_7_25_22,Ovals_Q22.png,D,"The rule is based on Outer Colour. In four figures, the property is Black. Option D is the odd one out because it is Grey."
NV_7_25_23,Ovals_Q23.png,C,"The rule is based on Outer Colour. In four figures, the property is Grey. Option C is the odd one out because it is White."
NV_7_25_24,Ovals_Q24.png,B,"The rule is based on Orientation. In four figures, the property is Rotated (90°). Option B is the odd one out because it is Aligned."
NV_7_25_25,Ovals_Q25.png,A,"The rule is based on Outer Colour. In four figures, the property is Black. Option A is the odd one out because it is Grey."
NV_7_25_26,Ovals_Q26.png,C,"The rule is based on Outer Colour. In four figures, the property is Black. Option C is the odd one out because it is White."
NV_7_25_27,Ovals_Q27.png,B,"The rule is based on Outer Colour. In four figures, the property is Grey. Option B is the odd one out because it is White."
NV_7_25_28,Ovals_Q28.png,A,"The rule is based on Outer Colour. In four figures, the property is Black. Option A is the odd one out because it is Grey."
NV_7_25_29,Ovals_Q29.png,D,"The rule is based on Outer Colour. In four figures, the property is Black. Option D is the odd one out because it is White."
NV_7_25_30,Ovals_Q30.png,D,"The rule is based on Outer Colour. In four figures, the property is White. Option D is the odd one out because it is Grey."
NV_7_25_31,Ovals_Q31.png,B,"The rule is based on Inner Colour. In four figures, the property is Black. Option B is the odd one out because it is Grey."
NV_7_25_32,Ovals_Q32.png,D,"The rule is based on Orientation. In four figures, the property is Rotated (90°). Option D is the odd one out because it is Aligned."
NV_7_25_33,Ovals_Q33.png,B,"The rule is based on Orientation. In four figures, the property is Rotated (90°). Option B is the odd one out because it is Aligned."
NV_7_25_34,Ovals_Q34.png,D,"The rule is based on Outer Colour. In four figures, the property is Grey. Option D is the odd one out because it is White."
NV_7_25_35,Ovals_Q35.png,E,"The rule is based on Orientation. In four figures, the property is Aligned. Option E is the odd one out because it is Rotated (90°)."
NV_7_25_36,Ovals_Q36.png,E,"The rule is based on Inner Colour. In four figures, the property is Grey. Option E is the odd one out because it is Black."
NV_7_25_37,Ovals_Q37.png,A,"The rule is based on Outer Colour. In four figures, the property is White. Option A is the odd one out because it is Black."
NV_7_25_38,Ovals_Q38.png,B,"The rule is based on Inner Colour. In four figures, the property is White. Option B is the odd one out because it is Grey."
NV_7_25_39,Ovals_Q39.png,B,"The rule is based on Outer Colour. In four figures, the property is Grey. Option B is the odd one out because it is Black."
NV_7_25_40,Ovals_Q40.png,A,"The rule is based on Inner Colour. In four figures, the property is Grey. Option A is the odd one out because it is White."
NV_7_25_41,Ovals_Q41.png,C,"The rule is based on Inner Colour. In four figures, the property is White. Option C is the odd one out because it is Black."
NV_7_25_42,Ovals_Q42.png,B,"The rule is based on Inner Colour. In four figures, the property is Grey. Option B is the odd one out because it is White."
NV_7_25_43,Ovals_Q43.png,E,"The rule is based on Orientation. In four figures, the property is Rotated (90°). Option E is the odd one out because it is Aligned."
NV_7_25_44,Ovals_Q44.png,B,"The rule is based on Outer Colour. In four figures, the property is White. Option B is the odd one out because it is Grey."
NV_7_25_45,Ovals_Q45.png,A,"The rule is based on Inner Colour. In four figures, the property is Grey. Option A is the odd one out because it is Black."
NV_7_25_46,Ovals_Q46.png,E,"The rule is based on Orientation. In four figures, the property is Aligned. Option E is the odd one out because it is Rotated (90°)."
NV_7_25_47,Ovals_Q47.png,C,"The rule is based on Inner Colour. In four figures, the property is Black. Option C is the odd one out because it is White."
NV_7_25_48,Ovals_Q48.png,B,"The rule is based on Outer Colour. In four figures, the property is White. Option B is the odd one out because it is Grey."
NV_7_25_49,Ovals_Q49.png,C,"The rule is based on Orientation. In four figures, the property is Rotated (90°). Option C is the odd one out because it is Aligned."
NV_7_25_50,Ovals_Q50.png,B,"The rule is based on Outer Colour. In four figures, the property is Grey. Option B is the odd one out because it is White."
NV_7_26_1,Symmetry_Q1.png,C,Rule: Inner shape is Rotated 90° relative to outer. Odd One Out: Option C (Identical).
NV_7_26_2,Symmetry_Q2.png,A,Rule: Inner shape is Rotated 270° relative to outer. Odd One Out: Option A (Identical).
NV_7_26_3,Symmetry_Q3.png,B,Rule: Inner shape is Identical relative to outer. Odd One Out: Option B (Rotated 270°).
NV_7_26_4,Symmetry_Q4.png,A,Rule: Inner shape is Rotated 180° relative to outer. Odd One Out: Option A (Identical).
NV_7_26_5,Symmetry_Q5.png,B,Rule: Inner shape is Rotated 180° relative to outer. Odd One Out: Option B (Rotated 270°).
NV_7_26_6,Symmetry_Q6.png,A,Rule: Inner shape is Rotated 270° relative to outer. Odd One Out: Option A (Rotated 180°).
NV_7_26_7,Symmetry_Q7.png,B,Rule: Inner shape is Rotated 270° relative to outer. Odd One Out: Option B (Identical).
NV_7_26_8,Symmetry_Q8.png,B,Rule: Inner shape is Identical relative to outer. Odd One Out: Option B (Rotated 270°).
NV_7_26_9,Symmetry_Q9.png,E,Rule: Inner shape is Identical relative to outer. Odd One Out: Option E (Rotated 90°).
NV_7_26_10,Symmetry_Q10.png,B,Rule: Inner shape is Rotated 270° relative to outer. Odd One Out: Option B (Rotated 180°).
NV_7_26_11,Symmetry_Q11.png,C,Rule: Inner shape is Rotated 180° relative to outer. Odd One Out: Option C (Identical).
NV_7_26_12,Symmetry_Q12.png,D,Rule: Inner shape is Rotated 90° relative to outer. Odd One Out: Option D (Rotated 270°).
NV_7_26_13,Symmetry_Q13.png,A,Rule: Inner shape is Rotated 180° relative to outer. Odd One Out: Option A (Rotated 270°).
NV_7_26_14,Symmetry_Q14.png,B,Rule: Inner shape is Rotated 180° relative to outer. Odd One Out: Option B (Identical).
NV_7_26_15,Symmetry_Q15.png,E,Rule: Inner shape is Rotated 90° relative to outer. Odd One Out: Option E (Rotated 270°).
NV_7_26_16,Symmetry_Q16.png,B,Rule: Inner shape is Identical relative to outer. Odd One Out: Option B (Rotated 180°).
NV_7_26_17,Symmetry_Q17.png,E,Rule: Inner shape is Rotated 180° relative to outer. Odd One Out: Option E (Rotated 90°).
NV_7_26_18,Symmetry_Q18.png,B,Rule: Inner shape is Rotated 90° relative to outer. Odd One Out: Option B (Rotated 180°).
NV_7_26_19,Symmetry_Q19.png,D,Rule: Inner shape is Identical relative to outer. Odd One Out: Option D (Rotated 180°).
NV_7_26_20,Symmetry_Q20.png,E,Rule: Inner shape is Rotated 180° relative to outer. Odd One Out: Option E (Rotated 90°).
NV_7_26_21,Symmetry_Q21.png,C,Rule: Inner shape is Identical relative to outer. Odd One Out: Option C (Rotated 90°).
NV_7_26_22,Symmetry_Q22.png,A,Rule: Inner shape is Identical relative to outer. Odd One Out: Option A (Rotated 270°).
NV_7_26_23,Symmetry_Q23.png,B,Rule: Inner shape is Rotated 90° relative to outer. Odd One Out: Option B (Rotated 270°).
NV_7_26_24,Symmetry_Q24.png,B,Rule: Inner shape is Rotated 270° relative to outer. Odd One Out: Option B (Identical).
NV_7_26_25,Symmetry_Q25.png,E,Rule: Inner shape is Rotated 90° relative to outer. Odd One Out: Option E (Rotated 180°).
NV_7_26_26,Symmetry_Q26.png,A,Rule: Inner shape is Identical relative to outer. Odd One Out: Option A (Rotated 180°).
NV_7_26_27,Symmetry_Q27.png,A,Rule: Inner shape is Rotated 90° relative to outer. Odd One Out: Option A (Rotated 270°).
NV_7_26_28,Symmetry_Q28.png,E,Rule: Inner shape is Rotated 180° relative to outer. Odd One Out: Option E (Rotated 270°).
NV_7_26_29,Symmetry_Q29.png,A,Rule: Inner shape is Rotated 270° relative to outer. Odd One Out: Option A (Rotated 180°).
NV_7_26_30,Symmetry_Q30.png,B,Rule: Inner shape is Rotated 90° relative to outer. Odd One Out: Option B (Identical).
NV_7_26_31,Symmetry_Q31.png,C,Rule: Inner shape is Identical relative to outer. Odd One Out: Option C (Rotated 90°).
NV_7_26_32,Symmetry_Q32.png,A,Rule: Inner shape is Rotated 180° relative to outer. Odd One Out: Option A (Rotated 270°).
NV_7_26_33,Symmetry_Q33.png,D,Rule: Inner shape is Identical relative to outer. Odd One Out: Option D (Rotated 180°).
NV_7_26_34,Symmetry_Q34.png,E,Rule: Inner shape is Identical relative to outer. Odd One Out: Option E (Rotated 270°).
NV_7_26_35,Symmetry_Q35.png,D,Rule: Inner shape is Identical relative to outer. Odd One Out: Option D (Rotated 90°).
NV_7_26_36,Symmetry_Q36.png,B,Rule: Inner shape is Rotated 90° relative to outer. Odd One Out: Option B (Rotated 180°).
NV_7_26_37,Symmetry_Q37.png,D,Rule: Inner shape is Rotated 270° relative to outer. Odd One Out: Option D (Rotated 180°).
NV_7_26_38,Symmetry_Q38.png,A,Rule: Inner shape is Rotated 270° relative to outer. Odd One Out: Option A (Identical).
NV_7_26_39,Symmetry_Q39.png,D,Rule: Inner shape is Rotated 90° relative to outer. Odd One Out: Option D (Rotated 270°).
NV_7_26_40,Symmetry_Q40.png,A,Rule: Inner shape is Rotated 180° relative to outer. Odd One Out: Option A (Rotated 90°).
NV_7_26_41,Symmetry_Q41.png,D,Rule: Inner shape is Rotated 180° relative to outer. Odd One Out: Option D (Rotated 270°).
NV_7_26_42,Symmetry_Q42.png,D,Rule: Inner shape is Rotated 90° relative to outer. Odd One Out: Option D (Rotated 180°).
NV_7_26_43,Symmetry_Q43.png,B,Rule: Inner shape is Rotated 90° relative to outer. Odd One Out: Option B (Identical).
NV_7_26_44,Symmetry_Q44.png,D,Rule: Inner shape is Rotated 90° relative to outer. Odd One Out: Option D (Rotated 180°).
NV_7_26_45,Symmetry_Q45.png,D,Rule: Inner shape is Identical relative to outer. Odd One Out: Option D (Rotated 180°).
NV_7_26_46,Symmetry_Q46.png,D,Rule: Inner shape is Rotated 270° relative to outer. Odd One Out: Option D (Identical).
NV_7_26_47,Symmetry_Q47.png,D,Rule: Inner shape is Rotated 180° relative to outer. Odd One Out: Option D (Rotated 90°).
NV_7_26_48,Symmetry_Q48.png,A,Rule: Inner shape is Rotated 270° relative to outer. Odd One Out: Option A (Identical).
NV_7_26_49,Symmetry_Q49.png,D,Rule: Inner shape is Rotated 180° relative to outer. Odd One Out: Option D (Rotated 270°).
NV_7_26_50,Symmetry_Q50.png,E,Rule: Inner shape is Rotated 180° relative to outer. Odd One Out: Option E (Rotated 90°).
NV_7_27_1,Strips_Mixed_Q1.png,B,"The rule is based on the Rotation of the square in the middle strip (Common: 45°, Odd: 0°). The other attributes vary but do not create a unique odd one out. Therefore, Option B is the answer."
NV_7_27_2,Strips_Mixed_Q2.png,E,"The rule is based on the Shading of the shape in the top strip (Common: grey, Odd: black). The other attributes vary but do not create a unique odd one out. Therefore, Option E is the answer."
NV_7_27_3,Strips_Mixed_Q3.png,D,"The rule is based on the Rotation of the square in the middle strip (Common: 45°, Odd: 0°). The other attributes vary but do not create a unique odd one out. Therefore, Option D is the answer."
NV_7_27_4,Strips_Mixed_Q4.png,C,"The rule is based on the Rotation of the square in the middle strip (Common: 45°, Odd: 0°). The other attributes vary but do not create a unique odd one out. Therefore, Option C is the answer."
NV_7_27_5,Strips_Mixed_Q5.png,B,"The rule is based on the Shading of the shape in the top strip (Common: black, Odd: grey). The other attributes vary but do not create a unique odd one out. Therefore, Option B is the answer."
NV_7_27_6,Strips_Mixed_Q6.png,D,"The rule is based on the Shading of the shape in the top strip (Common: white, Odd: black). The other attributes vary but do not create a unique odd one out. Therefore, Option D is the answer."
NV_7_27_7,Strips_Mixed_Q7.png,B,"The rule is based on the Quantity of shapes in the bottom strip (Common: 2, Odd: 3). The other attributes vary but do not create a unique odd one out. Therefore, Option B is the answer."
NV_7_27_8,Strips_Mixed_Q8.png,E,"The rule is based on the Quantity of shapes in the bottom strip (Common: 3, Odd: 2). The other attributes vary but do not create a unique odd one out. Therefore, Option E is the answer."
NV_7_27_9,Strips_Mixed_Q9.png,A,"The rule is based on the Quantity of shapes in the bottom strip (Common: 3, Odd: 2). The other attributes vary but do not create a unique odd one out. Therefore, Option A is the answer."
NV_7_27_10,Strips_Mixed_Q10.png,C,"The rule is based on the Quantity of shapes in the bottom strip (Common: 3, Odd: 2). The other attributes vary but do not create a unique odd one out. Therefore, Option C is the answer."
NV_7_27_11,Strips_Mixed_Q11.png,E,"The rule is based on the Shading of the shape in the top strip (Common: black, Odd: white). The other attributes vary but do not create a unique odd one out. Therefore, Option E is the answer."
NV_7_27_12,Strips_Mixed_Q12.png,D,"The rule is based on the Rotation of the square in the middle strip (Common: 45°, Odd: 0°). The other attributes vary but do not create a unique odd one out. Therefore, Option D is the answer."
NV_7_27_13,Strips_Mixed_Q13.png,B,"The rule is based on the Shading of the shape in the top strip (Common: black, Odd: white). The other attributes vary but do not create a unique odd one out. Therefore, Option B is the answer."
NV_7_27_14,Strips_Mixed_Q14.png,C,"The rule is based on the Shading of the shape in the top strip (Common: black, Odd: white). The other attributes vary but do not create a unique odd one out. Therefore, Option C is the answer."
NV_7_27_15,Strips_Mixed_Q15.png,E,"The rule is based on the Rotation of the square in the middle strip (Common: 0°, Odd: 45°). The other attributes vary but do not create a unique odd one out. Therefore, Option E is the answer."
NV_7_27_16,Strips_Mixed_Q16.png,E,"The rule is based on the Shading of the shape in the top strip (Common: black, Odd: grey). The other attributes vary but do not create a unique odd one out. Therefore, Option E is the answer."
NV_7_27_17,Strips_Mixed_Q17.png,B,"The rule is based on the Shading of the shape in the top strip (Common: black, Odd: grey). The other attributes vary but do not create a unique odd one out. Therefore, Option B is the answer."
NV_7_27_18,Strips_Mixed_Q18.png,C,"The rule is based on the Quantity of shapes in the bottom strip (Common: 2, Odd: 3). The other attributes vary but do not create a unique odd one out. Therefore, Option C is the answer."
NV_7_27_19,Strips_Mixed_Q19.png,D,"The rule is based on the Shading of the shape in the top strip (Common: black, Odd: grey). The other attributes vary but do not create a unique odd one out. Therefore, Option D is the answer."
NV_7_27_20,Strips_Mixed_Q20.png,D,"The rule is based on the Quantity of shapes in the bottom strip (Common: 3, Odd: 2). The other attributes vary but do not create a unique odd one out. Therefore, Option D is the answer."
NV_7_27_21,Strips_Mixed_Q21.png,D,"The rule is based on the Quantity of shapes in the bottom strip (Common: 2, Odd: 3). The other attributes vary but do not create a unique odd one out. Therefore, Option D is the answer."
NV_7_27_22,Strips_Mixed_Q22.png,B,"The rule is based on the Shading of the shape in the top strip (Common: black, Odd: white). The other attributes vary but do not create a unique odd one out. Therefore, Option B is the answer."
NV_7_27_23,Strips_Mixed_Q23.png,D,"The rule is based on the Quantity of shapes in the bottom strip (Common: 3, Odd: 2). The other attributes vary but do not create a unique odd one out. Therefore, Option D is the answer."
NV_7_27_24,Strips_Mixed_Q24.png,B,"The rule is based on the Shading of the shape in the top strip (Common: white, Odd: black). The other attributes vary but do not create a unique odd one out. Therefore, Option B is the answer."
NV_7_27_25,Strips_Mixed_Q25.png,B,"The rule is based on the Shading of the shape in the top strip (Common: grey, Odd: white). The other attributes vary but do not create a unique odd one out. Therefore, Option B is the answer."
NV_7_27_26,Strips_Mixed_Q26.png,D,"The rule is based on the Shading of the shape in the top strip (Common: grey, Odd: white). The other attributes vary but do not create a unique odd one out. Therefore, Option D is the answer."
NV_7_27_27,Strips_Mixed_Q27.png,E,"The rule is based on the Quantity of shapes in the bottom strip (Common: 3, Odd: 2). The other attributes vary but do not create a unique odd one out. Therefore, Option E is the answer."
NV_7_27_28,Strips_Mixed_Q28.png,A,"The rule is based on the Rotation of the square in the middle strip (Common: 0°, Odd: 45°). The other attributes vary but do not create a unique odd one out. Therefore, Option A is the answer."
NV_7_27_29,Strips_Mixed_Q29.png,E,"The rule is based on the Rotation of the square in the middle strip (Common: 0°, Odd: 45°). The other attributes vary but do not create a unique odd one out. Therefore, Option E is the answer."
NV_7_27_30,Strips_Mixed_Q30.png,A,"The rule is based on the Shading of the shape in the top strip (Common: grey, Odd: white). The other attributes vary but do not create a unique odd one out. Therefore, Option A is the answer."
NV_7_27_31,Strips_Mixed_Q31.png,B,"The rule is based on the Rotation of the square in the middle strip (Common: 45°, Odd: 0°). The other attributes vary but do not create a unique odd one out. Therefore, Option B is the answer."
NV_7_27_32,Strips_Mixed_Q32.png,C,"The rule is based on the Rotation of the square in the middle strip (Common: 45°, Odd: 0°). The other attributes vary but do not create a unique odd one out. Therefore, Option C is the answer."
NV_7_27_33,Strips_Mixed_Q33.png,B,"The rule is based on the Rotation of the square in the middle strip (Common: 0°, Odd: 45°). The other attributes vary but do not create a unique odd one out. Therefore, Option B is the answer."
NV_7_27_34,Strips_Mixed_Q34.png,D,"The rule is based on the Shading of the shape in the top strip (Common: grey, Odd: white). The other attributes vary but do not create a unique odd one out. Therefore, Option D is the answer."
NV_7_27_35,Strips_Mixed_Q35.png,A,"The rule is based on the Rotation of the square in the middle strip (Common: 45°, Odd: 0°). The other attributes vary but do not create a unique odd one out. Therefore, Option A is the answer."
NV_7_27_36,Strips_Mixed_Q36.png,D,"The rule is based on the Rotation of the square in the middle strip (Common: 0°, Odd: 45°). The other attributes vary but do not create a unique odd one out. Therefore, Option D is the answer."
NV_7_27_37,Strips_Mixed_Q37.png,D,"The rule is based on the Quantity of shapes in the bottom strip (Common: 3, Odd: 2). The other attributes vary but do not create a unique odd one out. Therefore, Option D is the answer."
NV_7_27_38,Strips_Mixed_Q38.png,E,"The rule is based on the Rotation of the square in the middle strip (Common: 0°, Odd: 45°). The other attributes vary but do not create a unique odd one out. Therefore, Option E is the answer."
NV_7_27_39,Strips_Mixed_Q39.png,E,"The rule is based on the Shading of the shape in the top strip (Common: black, Odd: white). The other attributes vary but do not create a unique odd one out. Therefore, Option E is the answer."
NV_7_27_40,Strips_Mixed_Q40.png,C,"The rule is based on the Quantity of shapes in the bottom strip (Common: 2, Odd: 3). The other attributes vary but do not create a unique odd one out. Therefore, Option C is the answer."
NV_7_27_41,Strips_Mixed_Q41.png,B,"The rule is based on the Shading of the shape in the top strip (Common: black, Odd: white). The other attributes vary but do not create a unique odd one out. Therefore, Option B is the answer."
NV_7_27_42,Strips_Mixed_Q42.png,D,"The rule is based on the Rotation of the square in the middle strip (Common: 45°, Odd: 0°). The other attributes vary but do not create a unique odd one out. Therefore, Option D is the answer."
NV_7_27_43,Strips_Mixed_Q43.png,B,"The rule is based on the Rotation of the square in the middle strip (Common: 0°, Odd: 45°). The other attributes vary but do not create a unique odd one out. Therefore, Option B is the answer."
NV_7_27_44,Strips_Mixed_Q44.png,B,"The rule is based on the Rotation of the square in the middle strip (Common: 0°, Odd: 45°). The other attributes vary but do not create a unique odd one out. Therefore, Option B is the answer."
NV_7_27_45,Strips_Mixed_Q45.png,E,"The rule is based on the Quantity of shapes in the bottom strip (Common: 3, Odd: 2). The other attributes vary but do not create a unique odd one out. Therefore, Option E is the answer."
NV_7_27_46,Strips_Mixed_Q46.png,C,"The rule is based on the Quantity of shapes in the bottom strip (Common: 2, Odd: 3). The other attributes vary but do not create a unique odd one out. Therefore, Option C is the answer."
NV_7_27_47,Strips_Mixed_Q47.png,B,"The rule is based on the Shading of the shape in the top strip (Common: white, Odd: black). The other attributes vary but do not create a unique odd one out. Therefore, Option B is the answer."
NV_7_27_48,Strips_Mixed_Q48.png,C,"The rule is based on the Quantity of shapes in the bottom strip (Common: 3, Odd: 2). The other attributes vary but do not create a unique odd one out. Therefore, Option C is the answer."
NV_7_27_49,Strips_Mixed_Q49.png,A,"The rule is based on the Quantity of shapes in the bottom strip (Common: 3, Odd: 2). The other attributes vary but do not create a unique odd one out. Therefore, Option A is the answer."
NV_7_27_50,Strips_Mixed_Q50.png,D,"The rule is based on the Quantity of shapes in the bottom strip (Common: 3, Odd: 2). The other attributes vary but do not create a unique odd one out. Therefore, Option D is the answer."
NV_7_28_1,Lines_Q1.png,B,The rule is based on counting the straight line segments. Four of the figures are made of 5 connected lines. Option B is the odd one out because it is made of 6 lines.
NV_7_28_2,Lines_Q2.png,A,The rule is based on counting the straight line segments. Four of the figures are made of 6 connected lines. Option A is the odd one out because it is made of 7 lines.
NV_7_28_3,Lines_Q3.png,E,The rule is based on counting the straight line segments. Four of the figures are made of 6 connected lines. Option E is the odd one out because it is made of 7 lines.
NV_7_28_4,Lines_Q4.png,C,The rule is based on counting the straight line segments. Four of the figures are made of 6 connected lines. Option C is the odd one out because it is made of 7 lines.
NV_7_28_5,Lines_Q5.png,D,The rule is based on counting the straight line segments. Four of the figures are made of 6 connected lines. Option D is the odd one out because it is made of 5 lines.
NV_7_28_6,Lines_Q6.png,C,The rule is based on counting the straight line segments. Four of the figures are made of 6 connected lines. Option C is the odd one out because it is made of 5 lines.
NV_7_28_7,Lines_Q7.png,C,The rule is based on counting the straight line segments. Four of the figures are made of 5 connected lines. Option C is the odd one out because it is made of 6 lines.
NV_7_28_8,Lines_Q8.png,E,The rule is based on counting the straight line segments. Four of the figures are made of 6 connected lines. Option E is the odd one out because it is made of 7 lines.
NV_7_28_9,Lines_Q9.png,E,The rule is based on counting the straight line segments. Four of the figures are made of 5 connected lines. Option E is the odd one out because it is made of 6 lines.
NV_7_28_10,Lines_Q10.png,D,The rule is based on counting the straight line segments. Four of the figures are made of 6 connected lines. Option D is the odd one out because it is made of 7 lines.
NV_7_28_11,Lines_Q11.png,E,The rule is based on counting the straight line segments. Four of the figures are made of 6 connected lines. Option E is the odd one out because it is made of 5 lines.
NV_7_28_12,Lines_Q12.png,E,The rule is based on counting the straight line segments. Four of the figures are made of 5 connected lines. Option E is the odd one out because it is made of 4 lines.
NV_7_28_13,Lines_Q13.png,B,The rule is based on counting the straight line segments. Four of the figures are made of 5 connected lines. Option B is the odd one out because it is made of 6 lines.
NV_7_28_14,Lines_Q14.png,C,The rule is based on counting the straight line segments. Four of the figures are made of 5 connected lines. Option C is the odd one out because it is made of 4 lines.
NV_7_28_15,Lines_Q15.png,A,The rule is based on counting the straight line segments. Four of the figures are made of 5 connected lines. Option A is the odd one out because it is made of 4 lines.
NV_7_28_16,Lines_Q16.png,E,The rule is based on counting the straight line segments. Four of the figures are made of 5 connected lines. Option E is the odd one out because it is made of 6 lines.
NV_7_28_17,Lines_Q17.png,E,The rule is based on counting the straight line segments. Four of the figures are made of 5 connected lines. Option E is the odd one out because it is made of 4 lines.
NV_7_28_18,Lines_Q18.png,E,The rule is based on counting the straight line segments. Four of the figures are made of 5 connected lines. Option E is the odd one out because it is made of 6 lines.
NV_7_28_19,Lines_Q19.png,D,The rule is based on counting the straight line segments. Four of the figures are made of 6 connected lines. Option D is the odd one out because it is made of 5 lines.
NV_7_28_20,Lines_Q20.png,E,The rule is based on counting the straight line segments. Four of the figures are made of 6 connected lines. Option E is the odd one out because it is made of 7 lines.
NV_7_28_21,Lines_Q21.png,B,The rule is based on counting the straight line segments. Four of the figures are made of 5 connected lines. Option B is the odd one out because it is made of 4 lines.
NV_7_28_22,Lines_Q22.png,A,The rule is based on counting the straight line segments. Four of the figures are made of 5 connected lines. Option A is the odd one out because it is made of 4 lines.
NV_7_28_23,Lines_Q23.png,E,The rule is based on counting the straight line segments. Four of the figures are made of 6 connected lines. Option E is the odd one out because it is made of 5 lines.
NV_7_28_24,Lines_Q24.png,E,The rule is based on counting the straight line segments. Four of the figures are made of 6 connected lines. Option E is the odd one out because it is made of 7 lines.
NV_7_28_25,Lines_Q25.png,E,The rule is based on counting the straight line segments. Four of the figures are made of 6 connected lines. Option E is the odd one out because it is made of 7 lines.
NV_7_28_26,Lines_Q26.png,E,The rule is based on counting the straight line segments. Four of the figures are made of 6 connected lines. Option E is the odd one out because it is made of 5 lines.
NV_7_28_27,Lines_Q27.png,D,The rule is based on counting the straight line segments. Four of the figures are made of 6 connected lines. Option D is the odd one out because it is made of 5 lines.
NV_7_28_28,Lines_Q28.png,D,The rule is based on counting the straight line segments. Four of the figures are made of 6 connected lines. Option D is the odd one out because it is made of 7 lines.
NV_7_28_29,Lines_Q29.png,E,The rule is based on counting the straight line segments. Four of the figures are made of 5 connected lines. Option E is the odd one out because it is made of 6 lines.
NV_7_28_30,Lines_Q30.png,D,The rule is based on counting the straight line segments. Four of the figures are made of 5 connected lines. Option D is the odd one out because it is made of 6 lines.
NV_7_28_31,Lines_Q31.png,E,The rule is based on counting the straight line segments. Four of the figures are made of 6 connected lines. Option E is the odd one out because it is made of 5 lines.
NV_7_28_32,Lines_Q32.png,C,The rule is based on counting the straight line segments. Four of the figures are made of 6 connected lines. Option C is the odd one out because it is made of 5 lines.
NV_7_28_33,Lines_Q33.png,B,The rule is based on counting the straight line segments. Four of the figures are made of 6 connected lines. Option B is the odd one out because it is made of 5 lines.
NV_7_28_34,Lines_Q34.png,A,The rule is based on counting the straight line segments. Four of the figures are made of 5 connected lines. Option A is the odd one out because it is made of 6 lines.
NV_7_28_35,Lines_Q35.png,B,The rule is based on counting the straight line segments. Four of the figures are made of 6 connected lines. Option B is the odd one out because it is made of 5 lines.
NV_7_28_36,Lines_Q36.png,A,The rule is based on counting the straight line segments. Four of the figures are made of 5 connected lines. Option A is the odd one out because it is made of 6 lines.
NV_7_28_37,Lines_Q37.png,E,The rule is based on counting the straight line segments. Four of the figures are made of 6 connected lines. Option E is the odd one out because it is made of 5 lines.
NV_7_28_38,Lines_Q38.png,B,The rule is based on counting the straight line segments. Four of the figures are made of 5 connected lines. Option B is the odd one out because it is made of 6 lines.
NV_7_28_39,Lines_Q39.png,E,The rule is based on counting the straight line segments. Four of the figures are made of 5 connected lines. Option E is the odd one out because it is made of 4 lines.
NV_7_28_40,Lines_Q40.png,D,The rule is based on counting the straight line segments. Four of the figures are made of 6 connected lines. Option D is the odd one out because it is made of 7 lines.
NV_7_28_41,Lines_Q41.png,C,The rule is based on counting the straight line segments. Four of the figures are made of 5 connected lines. Option C is the odd one out because it is made of 4 lines.
NV_7_28_42,Lines_Q42.png,C,The rule is based on counting the straight line segments. Four of the figures are made of 6 connected lines. Option C is the odd one out because it is made of 7 lines.
NV_7_28_43,Lines_Q43.png,A,The rule is based on counting the straight line segments. Four of the figures are made of 6 connected lines. Option A is the odd one out because it is made of 7 lines.
NV_7_28_44,Lines_Q44.png,B,The rule is based on counting the straight line segments. Four of the figures are made of 5 connected lines. Option B is the odd one out because it is made of 6 lines.
NV_7_28_45,Lines_Q45.png,B,The rule is based on counting the straight line segments. Four of the figures are made of 6 connected lines. Option B is the odd one out because it is made of 5 lines.
NV_7_28_46,Lines_Q46.png,B,The rule is based on counting the straight line segments. Four of the figures are made of 6 connected lines. Option B is the odd one out because it is made of 7 lines.
NV_7_28_47,Lines_Q47.png,E,The rule is based on counting the straight line segments. Four of the figures are made of 6 connected lines. Option E is the odd one out because it is made of 5 lines.
NV_7_28_48,Lines_Q48.png,D,The rule is based on counting the straight line segments. Four of the figures are made of 5 connected lines. Option D is the odd one out because it is made of 4 lines.
NV_7_28_49,Lines_Q49.png,B,The rule is based on counting the straight line segments. Four of the figures are made of 5 connected lines. Option B is the odd one out because it is made of 4 lines.
NV_7_28_50,Lines_Q50.png,E,The rule is based on counting the straight line segments. Four of the figures are made of 6 connected lines. Option E is the odd one out because it is made of 5 lines.
NV_7_29_1,Shaded_Tangential_Q1.png,D,Rule: The shading points in an clockwise direction along the edge. Option D points anticlockwise.
NV_7_29_2,Shaded_Radial_Q2.png,E,Rule: The inner shape is half-shaded towards the inside of the large shape. Option E is shaded towards the outside.
NV_7_29_3,Shaded_Absolute_Q3.png,D,"Rule: The inner shape is always shaded on the left side, regardless of where it is placed. Option D is shaded on the bottom."
NV_7_29_4,Shaded_Tangential_Q4.png,C,Rule: The shading points in an anticlockwise direction along the edge. Option C points clockwise.
NV_7_29_5,Shaded_Absolute_Q5.png,B,"Rule: The inner shape is always shaded on the right side, regardless of where it is placed. Option B is shaded on the top."
NV_7_29_6,Shaded_Tangential_Q6.png,A,Rule: The shading points in an clockwise direction along the edge. Option A points anticlockwise.
NV_7_29_7,Shaded_Absolute_Q7.png,C,"Rule: The inner shape is always shaded on the right side, regardless of where it is placed. Option C is shaded on the left."
NV_7_29_8,Shaded_Absolute_Q8.png,A,"Rule: The inner shape is always shaded on the left side, regardless of where it is placed. Option A is shaded on the top."
NV_7_29_9,Shaded_Absolute_Q9.png,E,"Rule: The inner shape is always shaded on the right side, regardless of where it is placed. Option E is shaded on the left."
NV_7_29_10,Shaded_Radial_Q10.png,B,Rule: The inner shape is half-shaded towards the outside of the large shape. Option B is shaded towards the inside.
NV_7_29_11,Shaded_Radial_Q11.png,B,Rule: The inner shape is half-shaded towards the inside of the large shape. Option B is shaded towards the outside.
NV_7_29_12,Shaded_Tangential_Q12.png,B,Rule: The shading points in an anticlockwise direction along the edge. Option B points clockwise.
NV_7_29_13,Shaded_Tangential_Q13.png,B,Rule: The shading points in an clockwise direction along the edge. Option B points anticlockwise.
NV_7_29_14,Shaded_Radial_Q14.png,A,Rule: The inner shape is half-shaded towards the outside of the large shape. Option A is shaded towards the inside.
NV_7_29_15,Shaded_Absolute_Q15.png,E,"Rule: The inner shape is always shaded on the bottom side, regardless of where it is placed. Option E is shaded on the top."
NV_7_29_16,Shaded_Tangential_Q16.png,B,Rule: The shading points in an clockwise direction along the edge. Option B points anticlockwise.
NV_7_29_17,Shaded_Tangential_Q17.png,B,Rule: The shading points in an anticlockwise direction along the edge. Option B points clockwise.
NV_7_29_18,Shaded_Radial_Q18.png,C,Rule: The inner shape is half-shaded towards the inside of the large shape. Option C is shaded towards the outside.
NV_7_29_19,Shaded_Absolute_Q19.png,A,"Rule: The inner shape is always shaded on the left side, regardless of where it is placed. Option A is shaded on the top."
NV_7_29_20,Shaded_Radial_Q20.png,D,Rule: The inner shape is half-shaded towards the outside of the large shape. Option D is shaded towards the inside.
NV_7_29_21,Shaded_Absolute_Q21.png,D,"Rule: The inner shape is always shaded on the right side, regardless of where it is placed. Option D is shaded on the left."
NV_7_29_22,Shaded_Tangential_Q22.png,C,Rule: The shading points in an anticlockwise direction along the edge. Option C points clockwise.
NV_7_29_23,Shaded_Tangential_Q23.png,E,Rule: The shading points in an clockwise direction along the edge. Option E points anticlockwise.
NV_7_29_24,Shaded_Tangential_Q24.png,C,Rule: The shading points in an anticlockwise direction along the edge. Option C points clockwise.
NV_7_29_25,Shaded_Absolute_Q25.png,E,"Rule: The inner shape is always shaded on the top side, regardless of where it is placed. Option E is shaded on the bottom."
NV_7_29_26,Shaded_Tangential_Q26.png,D,Rule: The shading points in an clockwise direction along the edge. Option D points anticlockwise.
NV_7_29_27,Shaded_Absolute_Q27.png,D,"Rule: The inner shape is always shaded on the bottom side, regardless of where it is placed. Option D is shaded on the right."
NV_7_29_28,Shaded_Radial_Q28.png,B,Rule: The inner shape is half-shaded towards the inside of the large shape. Option B is shaded towards the outside.
NV_7_29_29,Shaded_Absolute_Q29.png,C,"Rule: The inner shape is always shaded on the left side, regardless of where it is placed. Option C is shaded on the right."
NV_7_29_30,Shaded_Absolute_Q30.png,D,"Rule: The inner shape is always shaded on the bottom side, regardless of where it is placed. Option D is shaded on the right."
NV_7_29_31,Shaded_Radial_Q31.png,B,Rule: The inner shape is half-shaded towards the outside of the large shape. Option B is shaded towards the inside.
NV_7_29_32,Shaded_Tangential_Q32.png,B,Rule: The shading points in an anticlockwise direction along the edge. Option B points clockwise.
NV_7_29_33,Shaded_Tangential_Q33.png,C,Rule: The shading points in an clockwise direction along the edge. Option C points anticlockwise.
NV_7_29_34,Shaded_Absolute_Q34.png,D,"Rule: The inner shape is always shaded on the top side, regardless of where it is placed. Option D is shaded on the bottom."
NV_7_29_35,Shaded_Absolute_Q35.png,D,"Rule: The inner shape is always shaded on the right side, regardless of where it is placed. Option D is shaded on the bottom."
NV_7_29_36,Shaded_Tangential_Q36.png,C,Rule: The shading points in an clockwise direction along the edge. Option C points anticlockwise.
NV_7_29_37,Shaded_Absolute_Q37.png,E,"Rule: The inner shape is always shaded on the bottom side, regardless of where it is placed. Option E is shaded on the left."
NV_7_29_38,Shaded_Tangential_Q38.png,E,Rule: The shading points in an clockwise direction along the edge. Option E points anticlockwise.
NV_7_29_39,Shaded_Absolute_Q39.png,B,"Rule: The inner shape is always shaded on the bottom side, regardless of where it is placed. Option B is shaded on the top."
NV_7_29_40,Shaded_Absolute_Q40.png,C,"Rule: The inner shape is always shaded on the top side, regardless of where it is placed. Option C is shaded on the right."
NV_7_29_41,Shaded_Tangential_Q41.png,C,Rule: The shading points in an clockwise direction along the edge. Option C points anticlockwise.
NV_7_29_42,Shaded_Tangential_Q42.png,B,Rule: The shading points in an clockwise direction along the edge. Option B points anticlockwise.
NV_7_29_43,Shaded_Tangential_Q43.png,C,Rule: The shading points in an anticlockwise direction along the edge. Option C points clockwise.
NV_7_29_44,Shaded_Tangential_Q44.png,A,Rule: The shading points in an clockwise direction along the edge. Option A points anticlockwise.
NV_7_29_45,Shaded_Absolute_Q45.png,D,"Rule: The inner shape is always shaded on the bottom side, regardless of where it is placed. Option D is shaded on the right."
NV_7_29_46,Shaded_Absolute_Q46.png,C,"Rule: The inner shape is always shaded on the right side, regardless of where it is placed. Option C is shaded on the left."
NV_7_29_47,Shaded_Absolute_Q47.png,E,"Rule: The inner shape is always shaded on the bottom side, regardless of where it is placed. Option E is shaded on the left."
NV_7_29_48,Shaded_Radial_Q48.png,C,Rule: The inner shape is half-shaded towards the outside of the large shape. Option C is shaded towards the inside.
NV_7_29_49,Shaded_Absolute_Q49.png,E,"Rule: The inner shape is always shaded on the right side, regardless of where it is placed. Option E is shaded on the bottom."
NV_7_29_50,Shaded_Tangential_Q50.png,A,Rule: The shading points in an anticlockwise direction along the edge. Option A points clockwise.
NV_7_30_1,Arrows_Q1.png,A,Rule: The main shape is a convex polygon. Option A is the odd one out because it is a concave shape.
NV_7_30_2,Arrows_Q2.png,B,Rule: The main shape is a convex polygon. Option B is the odd one out because it is a concave shape.
NV_7_30_3,Arrows_Q3.png,A,Rule: The main shape is a convex polygon. Option A is the odd one out because it is a concave shape.
NV_7_30_4,Arrows_Q4.png,A,Rule: The main shape has an odd number of sides. Option A is the odd one out because it has an even number of sides.
NV_7_30_5,Arrows_Q5.png,B,Rule: The main shape has an even number of sides. Option B is the odd one out because it has an odd number of sides.
NV_7_30_6,Arrows_Q6.png,D,Rule: The arrow passes through the center of the shape. Option D is the odd one out because it passes through the center.
NV_7_30_7,Arrows_Q7.png,E,Rule: The main shape has an even number of sides. Option E is the odd one out because it has an odd number of sides.
NV_7_30_8,Arrows_Q8.png,C,Rule: The arrow passes off-center of the shape. Option C is the odd one out because it passes off-center.
NV_7_30_9,Arrows_Q9.png,B,Rule: The arrow passes through the center of the shape. Option B is the odd one out because it passes through the center.
NV_7_30_10,Arrows_Q10.png,C,Rule: The main shape is a concave polygon. Option C is the odd one out because it is a convex shape.
NV_7_30_11,Arrows_Q11.png,C,Rule: The arrow passes through the center of the shape. Option C is the odd one out because it passes through the center.
NV_7_30_12,Arrows_Q12.png,C,Rule: The main shape has an even number of sides. Option C is the odd one out because it has an odd number of sides.
NV_7_30_13,Arrows_Q13.png,D,Rule: The main shape has an odd number of sides. Option D is the odd one out because it has an even number of sides.
NV_7_30_14,Arrows_Q14.png,D,Rule: The main shape is a concave polygon. Option D is the odd one out because it is a convex shape.
NV_7_30_15,Arrows_Q15.png,D,Rule: The main shape is a concave polygon. Option D is the odd one out because it is a convex shape.
NV_7_30_16,Arrows_Q16.png,C,Rule: The main shape is a concave polygon. Option C is the odd one out because it is a convex shape.
NV_7_30_17,Arrows_Q17.png,C,Rule: The arrow passes off-center of the shape. Option C is the odd one out because it passes off-center.
NV_7_30_18,Arrows_Q18.png,D,Rule: The main shape is a concave polygon. Option D is the odd one out because it is a convex shape.
NV_7_30_19,Arrows_Q19.png,E,Rule: The arrow passes off-center of the shape. Option E is the odd one out because it passes off-center.
NV_7_30_20,Arrows_Q20.png,B,Rule: The arrow passes off-center of the shape. Option B is the odd one out because it passes off-center.
NV_7_30_21,Arrows_Q21.png,A,Rule: The main shape has an odd number of sides. Option A is the odd one out because it has an even number of sides.
NV_7_30_22,Arrows_Q22.png,E,Rule: The main shape has an even number of sides. Option E is the odd one out because it has an odd number of sides.
NV_7_30_23,Arrows_Q23.png,D,Rule: The main shape has an even number of sides. Option D is the odd one out because it has an odd number of sides.
NV_7_30_24,Arrows_Q24.png,B,Rule: The arrow passes through the center of the shape. Option B is the odd one out because it passes through the center.
NV_7_30_25,Arrows_Q25.png,B,Rule: The main shape has an even number of sides. Option B is the odd one out because it has an odd number of sides.
NV_7_30_26,Arrows_Q26.png,E,Rule: The main shape is a concave polygon. Option E is the odd one out because it is a convex shape.
NV_7_30_27,Arrows_Q27.png,D,Rule: The main shape is a convex polygon. Option D is the odd one out because it is a concave shape.
NV_7_30_28,Arrows_Q28.png,E,Rule: The main shape has an odd number of sides. Option E is the odd one out because it has an even number of sides.
NV_7_30_29,Arrows_Q29.png,A,Rule: The main shape has an odd number of sides. Option A is the odd one out because it has an even number of sides.
NV_7_30_30,Arrows_Q30.png,D,Rule: The main shape has an odd number of sides. Option D is the odd one out because it has an even number of sides.
NV_7_30_31,Arrows_Q31.png,E,Rule: The main shape is a convex polygon. Option E is the odd one out because it is a concave shape.
NV_7_30_32,Arrows_Q32.png,D,Rule: The arrow passes through the center of the shape. Option D is the odd one out because it passes through the center.
NV_7_30_33,Arrows_Q33.png,B,Rule: The arrow passes off-center of the shape. Option B is the odd one out because it passes off-center.
NV_7_30_34,Arrows_Q34.png,D,Rule: The main shape has an even number of sides. Option D is the odd one out because it has an odd number of sides.
NV_7_30_35,Arrows_Q35.png,D,Rule: The main shape has an odd number of sides. Option D is the odd one out because it has an even number of sides.
NV_7_30_36,Arrows_Q36.png,A,Rule: The main shape has an even number of sides. Option A is the odd one out because it has an odd number of sides.
NV_7_30_37,Arrows_Q37.png,E,Rule: The arrow passes through the center of the shape. Option E is the odd one out because it passes through the center.
NV_7_30_38,Arrows_Q38.png,D,Rule: The main shape has an odd number of sides. Option D is the odd one out because it has an even number of sides.
NV_7_30_39,Arrows_Q39.png,A,Rule: The main shape is a concave polygon. Option A is the odd one out because it is a convex shape.
NV_7_30_40,Arrows_Q40.png,A,Rule: The main shape has an odd number of sides. Option A is the odd one out because it has an even number of sides.
NV_7_30_41,Arrows_Q41.png,E,Rule: The main shape has an odd number of sides. Option E is the odd one out because it has an even number of sides.
NV_7_30_42,Arrows_Q42.png,C,Rule: The main shape is a convex polygon. Option C is the odd one out because it is a concave shape.
NV_7_30_43,Arrows_Q43.png,E,Rule: The main shape has an even number of sides. Option E is the odd one out because it has an odd number of sides.
NV_7_30_44,Arrows_Q44.png,E,Rule: The main shape is a convex polygon. Option E is the odd one out because it is a concave shape.
NV_7_30_45,Arrows_Q45.png,C,Rule: The main shape has an even number of sides. Option C is the odd one out because it has an odd number of sides.
NV_7_30_46,Arrows_Q46.png,C,Rule: The main shape has an odd number of sides. Option C is the odd one out because it has an even number of sides.
NV_7_30_47,Arrows_Q47.png,B,Rule: The main shape has an even number of sides. Option B is the odd one out because it has an odd number of sides.
NV_7_30_48,Arrows_Q48.png,D,Rule: The arrow passes off-center of the shape. Option D is the odd one out because it passes off-center.
NV_7_30_49,Arrows_Q49.png,D,Rule: The arrow passes through the center of the shape. Option D is the odd one out because it passes through the center.
NV_7_30_50,Arrows_Q50.png,B,Rule: The main shape has an even number of sides. Option B is the odd one out because it has an odd number of sides.
NV_7_32_1,Count_Logic_Q1.png,C,Rule: Sides = Dashes. Option C is the odd one out because it has 4 sides and 4 dashes. (Dots act as distractors).
NV_7_32_2,Count_Logic_Q2.png,C,Rule: Sides = Dashes. Option C is the odd one out because it has 4 sides and 4 dashes. (Dots act as distractors).
NV_7_32_3,Count_Logic_Q3.png,E,Rule: Sides = Dashes. Option E is the odd one out because it has 7 sides and 3 dashes. (Dots act as distractors).
NV_7_32_4,Count_Logic_Q4.png,B,Rule: Sides = Dots. Option B is the odd one out because it has 7 sides and 7 dots. (Dashes act as distractors).
NV_7_32_5,Count_Logic_Q5.png,E,Rule: Sides = Dashes. Option E is the odd one out because it has 6 sides and 7 dashes. (Dots act as distractors).
NV_7_32_6,Count_Logic_Q6.png,E,Rule: Sides = Dots. Option E is the odd one out because it has 7 sides and 3 dots. (Dashes act as distractors).
NV_7_32_7,Count_Logic_Q7.png,E,Rule: Sides = Dashes. Option E is the odd one out because it has 3 sides and 6 dashes. (Dots act as distractors).
NV_7_32_8,Count_Logic_Q8.png,D,Rule: Sides = Dots. Option D is the odd one out because it has 7 sides and 7 dots. (Dashes act as distractors).
NV_7_32_9,Count_Logic_Q9.png,E,Rule: Sides = Dots. Option E is the odd one out because it has 4 sides and 7 dots. (Dashes act as distractors).
NV_7_32_10,Count_Logic_Q10.png,D,Rule: Dots = Dashes. Option D is the odd one out because it has 7 dots and 7 dashes. (Polygon shape acts as a distractor).
NV_7_32_11,Count_Logic_Q11.png,C,Rule: Sides = Dots. Option C is the odd one out because it has 3 sides and 3 dots. (Dashes act as distractors).
NV_7_32_12,Count_Logic_Q12.png,C,Rule: Sides = Dots. Option C is the odd one out because it has 3 sides and 3 dots. (Dashes act as distractors).
NV_7_32_13,Count_Logic_Q13.png,B,Rule: Sides = Dashes. Option B is the odd one out because it has 3 sides and 3 dashes. (Dots act as distractors).
NV_7_32_14,Count_Logic_Q14.png,C,Rule: Sides = Dots. Option C is the odd one out because it has 4 sides and 4 dots. (Dashes act as distractors).
NV_7_32_15,Count_Logic_Q15.png,D,Rule: Dots = Dashes. Option D is the odd one out because it has 4 dots and 4 dashes. (Polygon shape acts as a distractor).
NV_7_32_16,Count_Logic_Q16.png,D,Rule: Sides = Dashes. Option D is the odd one out because it has 4 sides and 4 dashes. (Dots act as distractors).
NV_7_32_17,Count_Logic_Q17.png,D,Rule: Sides = Dashes. Option D is the odd one out because it has 7 sides and 7 dashes. (Dots act as distractors).
NV_7_32_18,Count_Logic_Q18.png,B,Rule: Dots = Dashes. Option B is the odd one out because it has 4 dots and 4 dashes. (Polygon shape acts as a distractor).
NV_7_32_19,Count_Logic_Q19.png,D,Rule: Sides = Dashes. Option D is the odd one out because it has 4 sides and 4 dashes. (Dots act as distractors).
NV_7_32_20,Count_Logic_Q20.png,B,Rule: Sides = Dashes. Option B is the odd one out because it has 5 sides and 5 dashes. (Dots act as distractors).
NV_7_32_21,Count_Logic_Q21.png,A,Rule: Dots = Dashes. Option A is the odd one out because it has 7 dots and 7 dashes. (Polygon shape acts as a distractor).
NV_7_32_22,Count_Logic_Q22.png,B,Rule: Sides = Dashes. Option B is the odd one out because it has 3 sides and 3 dashes. (Dots act as distractors).
NV_7_32_23,Count_Logic_Q23.png,E,Rule: Sides = Dashes. Option E is the odd one out because it has 4 sides and 6 dashes. (Dots act as distractors).
NV_7_32_24,Count_Logic_Q24.png,B,Rule: Sides = Dots. Option B is the odd one out because it has 7 sides and 7 dots. (Dashes act as distractors).
NV_7_32_25,Count_Logic_Q25.png,C,Rule: Sides = Dashes. Option C is the odd one out because it has 4 sides and 4 dashes. (Dots act as distractors).
NV_7_32_26,Count_Logic_Q26.png,E,Rule: Sides = Dots. Option E is the odd one out because it has 3 sides and 4 dots. (Dashes act as distractors).
NV_7_32_27,Count_Logic_Q27.png,E,Rule: Sides = Dots. Option E is the odd one out because it has 4 sides and 3 dots. (Dashes act as distractors).
NV_7_32_28,Count_Logic_Q28.png,B,Rule: Dots = Dashes. Option B is the odd one out because it has 3 dots and 3 dashes. (Polygon shape acts as a distractor).
NV_7_32_29,Count_Logic_Q29.png,E,Rule: Sides = Dashes. Option E is the odd one out because it has 4 sides and 3 dashes. (Dots act as distractors).
NV_7_32_30,Count_Logic_Q30.png,C,Rule: Sides = Dots. Option C is the odd one out because it has 5 sides and 5 dots. (Dashes act as distractors).
NV_7_32_31,Count_Logic_Q31.png,B,Rule: Sides = Dots. Option B is the odd one out because it has 4 sides and 4 dots. (Dashes act as distractors).
NV_7_32_32,Count_Logic_Q32.png,D,Rule: Sides = Dots. Option D is the odd one out because it has 6 sides and 6 dots. (Dashes act as distractors).
NV_7_32_33,Count_Logic_Q33.png,A,Rule: Dots = Dashes. Option A is the odd one out because it has 4 dots and 4 dashes. (Polygon shape acts as a distractor).
NV_7_32_34,Count_Logic_Q34.png,C,Rule: Sides = Dashes. Option C is the odd one out because it has 5 sides and 5 dashes. (Dots act as distractors).
NV_7_32_35,Count_Logic_Q35.png,D,Rule: Sides = Dashes. Option D is the odd one out because it has 5 sides and 5 dashes. (Dots act as distractors).
NV_7_32_36,Count_Logic_Q36.png,A,Rule: Dots = Dashes. Option A is the odd one out because it has 4 dots and 4 dashes. (Polygon shape acts as a distractor).
NV_7_32_37,Count_Logic_Q37.png,D,Rule: Sides = Dashes. Option D is the odd one out because it has 4 sides and 4 dashes. (Dots act as distractors).
NV_7_32_38,Count_Logic_Q38.png,A,Rule: Sides = Dots. Option A is the odd one out because it has 6 sides and 6 dots. (Dashes act as distractors).
NV_7_32_39,Count_Logic_Q39.png,A,Rule: Dots = Dashes. Option A is the odd one out because it has 3 dots and 3 dashes. (Polygon shape acts as a distractor).
NV_7_32_40,Count_Logic_Q40.png,C,Rule: Sides = Dashes. Option C is the odd one out because it has 5 sides and 5 dashes. (Dots act as distractors).
NV_7_32_41,Count_Logic_Q41.png,D,Rule: Sides = Dots. Option D is the odd one out because it has 5 sides and 5 dots. (Dashes act as distractors).
NV_7_32_42,Count_Logic_Q42.png,E,Rule: Dots = Dashes. Option E is the odd one out because it has 3 dots and 6 dashes. (Polygon shape acts as a distractor).
NV_7_32_43,Count_Logic_Q43.png,A,Rule: Dots = Dashes. Option A is the odd one out because it has 6 dots and 6 dashes. (Polygon shape acts as a distractor).
NV_7_32_44,Count_Logic_Q44.png,C,Rule: Sides = Dots. Option C is the odd one out because it has 6 sides and 6 dots. (Dashes act as distractors).
NV_7_32_45,Count_Logic_Q45.png,A,Rule: Sides = Dashes. Option A is the odd one out because it has 3 sides and 3 dashes. (Dots act as distractors).
NV_7_32_46,Count_Logic_Q46.png,D,Rule: Dots = Dashes. Option D is the odd one out because it has 5 dots and 5 dashes. (Polygon shape acts as a distractor).
NV_7_32_47,Count_Logic_Q47.png,A,Rule: Dots = Dashes. Option A is the odd one out because it has 6 dots and 6 dashes. (Polygon shape acts as a distractor).
NV_7_32_48,Count_Logic_Q48.png,B,Rule: Dots = Dashes. Option B is the odd one out because it has 7 dots and 7 dashes. (Polygon shape acts as a distractor).
NV_7_32_49,Count_Logic_Q49.png,B,Rule: Sides = Dots. Option B is the odd one out because it has 7 sides and 7 dots. (Dashes act as distractors).
NV_7_32_50,Count_Logic_Q50.png,D,Rule: Sides = Dashes. Option D is the odd one out because it has 5 sides and 5 dashes. (Dots act as distractors).
NV_7_34_1,WhiteFront_Q1.png,C,Rule: The white front shape and the black back shape are different from each other. Option C is the odd one out because the front and back shapes are identical.
NV_7_34_2,WhiteFront_Q2.png,E,Rule: The white front shape and the black back shape are identical. Option E is the odd one out because the front and back shapes are different.
NV_7_34_3,WhiteFront_Q3.png,B,Rule: The white front shape and the black back shape are identical. Option B is the odd one out because the front and back shapes are different.
NV_7_34_4,WhiteFront_Q4.png,E,Rule: The white front shape and the black back shape are different from each other. Option E is the odd one out because the front and back shapes are identical.
NV_7_34_5,WhiteFront_Q5.png,B,Rule: The white front shape and the black back shape are different from each other. Option B is the odd one out because the front and back shapes are identical.
NV_7_34_6,WhiteFront_Q6.png,C,Rule: The white front shape and the black back shape are identical. Option C is the odd one out because the front and back shapes are different.
NV_7_34_7,WhiteFront_Q7.png,E,Rule: The white front shape and the black back shape are different from each other. Option E is the odd one out because the front and back shapes are identical.
NV_7_34_8,WhiteFront_Q8.png,D,Rule: The white front shape and the black back shape are identical. Option D is the odd one out because the front and back shapes are different.
NV_7_34_9,WhiteFront_Q9.png,D,Rule: The white front shape and the black back shape are different from each other. Option D is the odd one out because the front and back shapes are identical.
NV_7_34_10,WhiteFront_Q10.png,A,Rule: The white front shape and the black back shape are identical. Option A is the odd one out because the front and back shapes are different.
NV_7_34_11,WhiteFront_Q11.png,E,Rule: The white front shape and the black back shape are identical. Option E is the odd one out because the front and back shapes are different.
NV_7_34_12,WhiteFront_Q12.png,C,Rule: The white front shape and the black back shape are identical. Option C is the odd one out because the front and back shapes are different.
NV_7_34_13,WhiteFront_Q13.png,A,Rule: The white front shape and the black back shape are different from each other. Option A is the odd one out because the front and back shapes are identical.
NV_7_34_14,WhiteFront_Q14.png,D,Rule: The white front shape and the black back shape are identical. Option D is the odd one out because the front and back shapes are different.
NV_7_34_15,WhiteFront_Q15.png,A,Rule: The white front shape and the black back shape are different from each other. Option A is the odd one out because the front and back shapes are identical.
NV_7_34_16,WhiteFront_Q16.png,E,Rule: The white front shape and the black back shape are different from each other. Option E is the odd one out because the front and back shapes are identical.
NV_7_34_17,WhiteFront_Q17.png,B,Rule: The white front shape and the black back shape are identical. Option B is the odd one out because the front and back shapes are different.
NV_7_34_18,WhiteFront_Q18.png,B,Rule: The white front shape and the black back shape are identical. Option B is the odd one out because the front and back shapes are different.
NV_7_34_19,WhiteFront_Q19.png,C,Rule: The white front shape and the black back shape are identical. Option C is the odd one out because the front and back shapes are different.
NV_7_34_20,WhiteFront_Q20.png,D,Rule: The white front shape and the black back shape are identical. Option D is the odd one out because the front and back shapes are different.
NV_7_34_21,WhiteFront_Q21.png,D,Rule: The white front shape and the black back shape are different from each other. Option D is the odd one out because the front and back shapes are identical.
NV_7_34_22,WhiteFront_Q22.png,C,Rule: The white front shape and the black back shape are different from each other. Option C is the odd one out because the front and back shapes are identical.
NV_7_34_23,WhiteFront_Q23.png,E,Rule: The white front shape and the black back shape are identical. Option E is the odd one out because the front and back shapes are different.
NV_7_34_24,WhiteFront_Q24.png,A,Rule: The white front shape and the black back shape are identical. Option A is the odd one out because the front and back shapes are different.
NV_7_34_25,WhiteFront_Q25.png,D,Rule: The white front shape and the black back shape are identical. Option D is the odd one out because the front and back shapes are different.
NV_7_34_26,WhiteFront_Q26.png,A,Rule: The white front shape and the black back shape are identical. Option A is the odd one out because the front and back shapes are different.
NV_7_34_27,WhiteFront_Q27.png,B,Rule: The white front shape and the black back shape are identical. Option B is the odd one out because the front and back shapes are different.
NV_7_34_28,WhiteFront_Q28.png,B,Rule: The white front shape and the black back shape are different from each other. Option B is the odd one out because the front and back shapes are identical.
NV_7_34_29,WhiteFront_Q29.png,B,Rule: The white front shape and the black back shape are different from each other. Option B is the odd one out because the front and back shapes are identical.
NV_7_34_30,WhiteFront_Q30.png,D,Rule: The white front shape and the black back shape are different from each other. Option D is the odd one out because the front and back shapes are identical.
NV_7_34_31,WhiteFront_Q31.png,C,Rule: The white front shape and the black back shape are identical. Option C is the odd one out because the front and back shapes are different.
NV_7_34_32,WhiteFront_Q32.png,E,Rule: The white front shape and the black back shape are different from each other. Option E is the odd one out because the front and back shapes are identical.
NV_7_34_33,WhiteFront_Q33.png,C,Rule: The white front shape and the black back shape are identical. Option C is the odd one out because the front and back shapes are different.
NV_7_34_34,WhiteFront_Q34.png,B,Rule: The white front shape and the black back shape are different from each other. Option B is the odd one out because the front and back shapes are identical.
NV_7_34_35,WhiteFront_Q35.png,E,Rule: The white front shape and the black back shape are identical. Option E is the odd one out because the front and back shapes are different.
NV_7_34_36,WhiteFront_Q36.png,B,Rule: The white front shape and the black back shape are identical. Option B is the odd one out because the front and back shapes are different.
NV_7_34_37,WhiteFront_Q37.png,D,Rule: The white front shape and the black back shape are identical. Option D is the odd one out because the front and back shapes are different.
NV_7_34_38,WhiteFront_Q38.png,C,Rule: The white front shape and the black back shape are different from each other. Option C is the odd one out because the front and back shapes are identical.
NV_7_34_39,WhiteFront_Q39.png,B,Rule: The white front shape and the black back shape are different from each other. Option B is the odd one out because the front and back shapes are identical.
NV_7_34_40,WhiteFront_Q40.png,C,Rule: The white front shape and the black back shape are identical. Option C is the odd one out because the front and back shapes are different.
NV_7_34_41,WhiteFront_Q41.png,E,Rule: The white front shape and the black back shape are identical. Option E is the odd one out because the front and back shapes are different.
NV_7_34_42,WhiteFront_Q42.png,E,Rule: The white front shape and the black back shape are different from each other. Option E is the odd one out because the front and back shapes are identical.
NV_7_34_43,WhiteFront_Q43.png,B,Rule: The white front shape and the black back shape are identical. Option B is the odd one out because the front and back shapes are different.
NV_7_34_44,WhiteFront_Q44.png,A,Rule: The white front shape and the black back shape are identical. Option A is the odd one out because the front and back shapes are different.
NV_7_34_45,WhiteFront_Q45.png,B,Rule: The white front shape and the black back shape are identical. Option B is the odd one out because the front and back shapes are different.
NV_7_34_46,WhiteFront_Q46.png,B,Rule: The white front shape and the black back shape are identical. Option B is the odd one out because the front and back shapes are different.
NV_7_34_47,WhiteFront_Q47.png,C,Rule: The white front shape and the black back shape are identical. Option C is the odd one out because the front and back shapes are different.
NV_7_34_48,WhiteFront_Q48.png,C,Rule: The white front shape and the black back shape are identical. Option C is the odd one out because the front and back shapes are different.
NV_7_34_49,WhiteFront_Q49.png,A,Rule: The white front shape and the black back shape are identical. Option A is the odd one out because the front and back shapes are different.
NV_7_34_50,WhiteFront_Q50.png,B,Rule: The white front shape and the black back shape are different from each other. Option B is the odd one out because the front and back shapes are identical.