Question,Image,A,B,C,D,E,Answer,Logic
hc_1,hc_1_q1.png,DH,SH,SQ,XH,XJ,SQ,"Top=style, Bot=arrow"
hc_2,hc_1_q2.png,AN,AV,GV,RK,RV,RV,"Top=height, Bot=slope"
hc_3,hc_1_q3.png,RA,RK,TA,TH,TS,TA,"Top=count, Bot=rotation"
hc_4,hc_1_q4.png,QL,QX,SL,SX,UL,SL,"Top=border, Bot=inner"
hc_5,hc_1_q5.png,DW,SF,SX,TF,TW,TF,"Top=dot, Bot=shade"
hc_6,hc_1_q6.png,FH,FM,SH,WL,WM,SH,"Top=style, Bot=arrow"
hc_7,hc_1_q7.png,KE,KL,ME,MG,ML,ML,"Top=height, Bot=slope"
hc_8,hc_1_q8.png,TL,TR,VL,VM,VR,TL,"Top=count, Bot=rotation"
hc_9,hc_1_q9.png,FA,FD,LC,LD,QD,LD,"Top=border, Bot=inner"
hc_10,hc_1_q10.png,PG,RG,RH,RU,XM,PG,"Top=dot, Bot=shade"
hc_11,hc_1_q11.png,RB,RF,VF,WF,WT,VF,"Top=style, Bot=arrow"
hc_12,hc_1_q12.png,LR,SJ,SM,TJ,TR,TJ,"Top=height, Bot=slope"
hc_13,hc_1_q13.png,CA,CY,CZ,KY,UA,CZ,"Top=count, Bot=rotation"
hc_14,hc_1_q14.png,PH,QH,QR,VH,VN,QH,"Top=border, Bot=inner"
hc_15,hc_1_q15.png,GT,GY,JD,JT,MS,GT,"Top=dot, Bot=shade"
hc_16,hc_1_q16.png,NB,NS,NT,UB,US,UB,"Top=style, Bot=arrow"
hc_17,hc_1_q17.png,BL,FC,FL,SC,SH,SC,"Top=height, Bot=slope"
hc_18,hc_1_q18.png,HQ,HV,RQ,RZ,UX,HV,"Top=count, Bot=rotation"
hc_19,hc_1_q19.png,EB,EX,GB,GL,WB,WB,"Top=border, Bot=inner"
hc_20,hc_1_q20.png,CS,LV,LW,NM,UV,LV,"Top=dot, Bot=shade"
hc_21,hc_1_q21.png,DH,DR,JH,JT,KR,JT,"Top=style, Bot=arrow"
hc_22,hc_1_q22.png,JS,JY,QS,QY,WY,JS,"Top=height, Bot=slope"
hc_23,hc_1_q23.png,CK,HU,YK,YU,YV,CK,"Top=count, Bot=rotation"
hc_24,hc_1_q24.png,DF,GP,MF,NF,NZ,NZ,"Top=border, Bot=inner"
hc_25,hc_1_q25.png,JE,PE,QE,UE,UW,JE,"Top=dot, Bot=shade"
hc_26,hc_1_q26.png,CD,CQ,FD,KD,KE,CQ,"Top=style, Bot=arrow"
hc_27,hc_1_q27.png,LF,LN,LQ,WF,WN,WF,"Top=height, Bot=slope"
hc_28,hc_1_q28.png,JP,JV,ZP,ZU,ZV,JP,"Top=count, Bot=rotation"
hc_29,hc_1_q29.png,GE,GU,ME,MP,WU,ME,"Top=border, Bot=inner"
hc_30,hc_1_q30.png,BA,CZ,TA,TF,UF,BA,"Top=dot, Bot=shade"
hc_31,hc_1_q31.png,BC,BW,BY,HY,PC,HY,"Top=style, Bot=arrow"
hc_32,hc_1_q32.png,DE,ME,MN,QL,QN,ME,"Top=height, Bot=slope"
hc_33,hc_1_q33.png,DB,DW,RA,RW,SA,SA,"Top=count, Bot=rotation"
hc_34,hc_1_q34.png,GX,NH,VH,VP,VX,VH,"Top=border, Bot=inner"
hc_35,hc_1_q35.png,CD,CT,FT,JT,JV,CD,"Top=dot, Bot=shade"
hc_36,hc_1_q36.png,DE,FE,FY,PE,PV,FE,"Top=style, Bot=arrow"
hc_37,hc_1_q37.png,GQ,NE,NQ,SE,SQ,GQ,"Top=height, Bot=slope"
hc_38,hc_1_q38.png,HE,HZ,NJ,NR,YJ,NJ,"Top=count, Bot=rotation"
hc_39,hc_1_q39.png,FN,GN,ZB,ZN,ZY,ZB,"Top=border, Bot=inner"
hc_40,hc_1_q40.png,DE,DM,DS,DX,VM,DX,"Top=dot, Bot=shade"
hc_41,hc_1_q41.png,LS,LW,NF,NW,VW,NF,"Top=style, Bot=arrow"
hc_42,hc_1_q42.png,QM,QR,TR,VM,VP,VM,"Top=height, Bot=slope"
hc_43,hc_1_q43.png,FH,VU,VX,ZU,ZX,ZX,"Top=count, Bot=rotation"
hc_44,hc_1_q44.png,AD,AZ,HD,LZ,YV,LZ,"Top=border, Bot=inner"
hc_45,hc_1_q45.png,NJ,NR,NV,QG,QR,QR,"Top=dot, Bot=shade"
hc_46,hc_1_q46.png,HW,JF,JY,RF,RW,RF,"Top=style, Bot=arrow"
hc_47,hc_1_q47.png,JQ,KQ,KW,PQ,PW,KQ,"Top=height, Bot=slope"
hc_48,hc_1_q48.png,CQ,CT,VP,VQ,ZP,VP,"Top=count, Bot=rotation"
hc_49,hc_1_q49.png,DG,DJ,MG,QG,TG,DG,"Top=border, Bot=inner"
hc_50,hc_1_q50.png,DA,DV,DZ,KY,SA,KY,"Top=dot, Bot=shade"
hc_51,hc_1_q51.png,BW,HS,HW,YS,YW,YW,"Top=style, Bot=arrow"
hc_52,hc_1_q52.png,BX,EJ,EU,EX,KJ,EU,"Top=height, Bot=slope"
hc_53,hc_1_q53.png,CL,CV,MD,RD,RL,RD,"Top=count, Bot=rotation"
hc_54,hc_1_q54.png,FS,FT,NB,XS,XT,XT,"Top=border, Bot=inner"
hc_55,hc_1_q55.png,BJ,BZ,EJ,EQ,VQ,EQ,"Top=dot, Bot=shade"
hc_56,hc_1_q56.png,DZ,LR,LZ,PR,PW,LR,"Top=style, Bot=arrow"
hc_57,hc_1_q57.png,LC,NC,NZ,SQ,SZ,NC,"Top=height, Bot=slope"
hc_58,hc_1_q58.png,LT,LW,LX,NK,ZK,ZK,"Top=count, Bot=rotation"
hc_59,hc_1_q59.png,FR,NM,NX,QR,QX,QR,"Top=border, Bot=inner"
hc_60,hc_1_q60.png,BC,BG,FG,FH,XH,XH,"Top=dot, Bot=shade"
hc_61,hc_1_q61.png,AB,AX,MB,MK,SX,MK,"Top=style, Bot=arrow"
hc_62,hc_1_q62.png,PM,PN,PZ,VM,VZ,VZ,"Top=height, Bot=slope"
hc_63,hc_1_q63.png,JD,JH,YD,YH,YS,YD,"Top=count, Bot=rotation"
hc_64,hc_1_q64.png,EK,EL,GC,UK,UL,UK,"Top=border, Bot=inner"
hc_65,hc_1_q65.png,CA,CY,XA,XE,XF,CY,"Top=dot, Bot=shade"
hc_66,hc_1_q66.png,BE,BV,BY,GE,GY,BE,"Top=style, Bot=arrow"
hc_67,hc_1_q67.png,HA,JA,JY,KA,KY,JA,"Top=height, Bot=slope"
hc_68,hc_1_q68.png,BL,BN,JR,JS,WR,BL,"Top=count, Bot=rotation"
hc_69,hc_1_q69.png,HA,HX,JX,LS,NS,HA,"Top=border, Bot=inner"
hc_70,hc_1_q70.png,FD,MV,QL,XT,XV,XV,"Top=dot, Bot=shade"
hc_71,hc_1_q71.png,FT,GP,GT,HP,HR,HP,"Top=style, Bot=arrow"
hc_72,hc_1_q72.png,HQ,HT,KQ,KT,VM,HQ,"Top=height, Bot=slope"
hc_73,hc_1_q73.png,CX,CY,QF,QY,UX,QY,"Top=count, Bot=rotation"
hc_74,hc_1_q74.png,FD,QB,QJ,UJ,VB,VB,"Top=border, Bot=inner"
hc_75,hc_1_q75.png,GD,NB,ND,NU,XD,NB,"Top=dot, Bot=shade"
hc_76,hc_1_q76.png,DH,DW,DY,EY,SW,DW,"Top=style, Bot=arrow"
hc_77,hc_1_q77.png,CJ,CR,GD,GJ,GR,CR,"Top=height, Bot=slope"
hc_78,hc_1_q78.png,QJ,UL,UX,YL,YX,YL,"Top=count, Bot=rotation"
hc_79,hc_1_q79.png,BL,BZ,HC,YC,YL,YL,"Top=border, Bot=inner"
hc_80,hc_1_q80.png,GT,GX,QJ,WT,WX,GT,"Top=dot, Bot=shade"
hc_81,hc_1_q81.png,AV,AZ,FZ,UV,UZ,AV,"Top=style, Bot=arrow"
hc_82,hc_1_q82.png,KU,KW,TU,XS,XW,TU,"Top=height, Bot=slope"
hc_83,hc_1_q83.png,AH,TH,TQ,TX,VM,AH,"Top=count, Bot=rotation"
hc_84,hc_1_q84.png,AT,DQ,DT,WB,WT,DT,"Top=border, Bot=inner"
hc_85,hc_1_q85.png,SF,SG,SU,TL,YG,SF,"Top=dot, Bot=shade"
hc_86,hc_1_q86.png,KF,LF,LP,XP,XS,XS,"Top=style, Bot=arrow"
hc_87,hc_1_q87.png,AK,CH,CK,CQ,YQ,CQ,"Top=height, Bot=slope"
hc_88,hc_1_q88.png,CF,DF,DJ,WF,WP,CF,"Top=count, Bot=rotation"
hc_89,hc_1_q89.png,AQ,AS,PQ,PS,UX,PS,"Top=border, Bot=inner"
hc_90,hc_1_q90.png,CB,CX,CZ,JZ,WZ,CZ,"Top=dot, Bot=shade"
hc_91,hc_1_q91.png,EK,ET,PT,PX,SX,SX,"Top=style, Bot=arrow"
hc_92,hc_1_q92.png,BL,BQ,VA,VL,VQ,VQ,"Top=height, Bot=slope"
hc_93,hc_1_q93.png,FC,FL,TG,TL,XL,TL,"Top=count, Bot=rotation"
hc_94,hc_1_q94.png,AJ,AT,CT,DT,KJ,KJ,"Top=border, Bot=inner"
hc_95,hc_1_q95.png,NW,XE,XW,ZE,ZM,XW,"Top=dot, Bot=shade"
hc_96,hc_1_q96.png,UB,UC,UG,VB,VC,VC,"Top=style, Bot=arrow"
hc_97,hc_1_q97.png,BC,BW,EM,QC,QW,QW,"Top=height, Bot=slope"
hc_98,hc_1_q98.png,LH,LJ,RD,RH,SD,LH,"Top=count, Bot=rotation"
hc_99,hc_1_q99.png,DU,TQ,TU,WE,WU,WE,"Top=border, Bot=inner"
hc_100,hc_1_q100.png,NE,NJ,SE,SR,TR,SR,"Top=dot, Bot=shade"
hc_101,hc_2_q1.png,DL,KQ,KZ,NL,NZ,KZ,"Q4 Style: Top=direction, Bot=black_pos"
hc_102,hc_2_q2.png,DW,ES,EW,HS,HW,DW,"Q4 Style: Top=direction, Bot=black_pos"
hc_103,hc_2_q3.png,JA,JC,TZ,YA,YC,JC,"Q4 Style: Top=direction, Bot=black_pos"
hc_104,hc_2_q4.png,BU,GD,GU,HD,HM,BU,"Q4 Style: Top=direction, Bot=black_pos"
hc_105,hc_2_q5.png,DK,PK,PL,PS,QK,PL,"Q4 Style: Top=direction, Bot=black_pos"
hc_106,hc_2_q6.png,BF,BS,BV,ES,EV,ES,"Q4 Style: Top=direction, Bot=black_pos"
hc_107,hc_2_q7.png,NZ,RF,RJ,WF,WZ,WF,"Q4 Style: Top=direction, Bot=black_pos"
hc_108,hc_2_q8.png,GB,GL,GX,HB,NB,GX,"Q4 Style: Top=direction, Bot=black_pos"
hc_109,hc_2_q9.png,RB,RL,UB,UL,UX,RL,"Q4 Style: Top=direction, Bot=black_pos"
hc_110,hc_2_q10.png,CL,CV,HL,PL,PZ,HL,"Q4 Style: Top=direction, Bot=black_pos"
hc_111,hc_2_q11.png,AP,AU,AZ,YU,YZ,AU,"Q4 Style: Top=direction, Bot=black_pos"
hc_112,hc_2_q12.png,HP,HU,VP,VU,VW,HU,"Q4 Style: Top=direction, Bot=black_pos"
hc_113,hc_2_q13.png,GM,RM,RT,ZB,ZM,RT,"Q4 Style: Top=direction, Bot=black_pos"
hc_114,hc_2_q14.png,CQ,CU,FD,ZQ,ZU,ZQ,"Q4 Style: Top=direction, Bot=black_pos"
hc_115,hc_2_q15.png,BH,VE,VH,WE,WL,BH,"Q4 Style: Top=direction, Bot=black_pos"
hc_116,hc_2_q16.png,BC,BM,LM,VC,VM,BM,"Q4 Style: Top=direction, Bot=black_pos"
hc_117,hc_2_q17.png,PB,PC,PZ,QB,QZ,PB,"Q4 Style: Top=direction, Bot=black_pos"
hc_118,hc_2_q18.png,GU,GY,JU,JY,ZU,GU,"Q4 Style: Top=direction, Bot=black_pos"
hc_119,hc_2_q19.png,BW,BY,FV,FW,FY,FV,"Q4 Style: Top=direction, Bot=black_pos"
hc_120,hc_2_q20.png,CW,GA,GK,YK,YW,GA,"Q4 Style: Top=direction, Bot=black_pos"
hc_121,hc_2_q21.png,EK,EX,MX,WJ,WX,EX,"Q4 Style: Top=direction, Bot=black_pos"
hc_122,hc_2_q22.png,FH,FK,RK,TB,TH,TH,"Q4 Style: Top=direction, Bot=black_pos"
hc_123,hc_2_q23.png,JB,JR,LR,UB,UK,LR,"Q4 Style: Top=direction, Bot=black_pos"
hc_124,hc_2_q24.png,AN,AX,BN,BX,CN,AX,"Q4 Style: Top=direction, Bot=black_pos"
hc_125,hc_2_q25.png,AE,AS,FE,FG,XG,XG,"Q4 Style: Top=direction, Bot=black_pos"
hc_126,hc_2_q26.png,MC,MJ,MV,NJ,NV,NV,"Q4 Style: Top=direction, Bot=black_pos"
hc_127,hc_2_q27.png,DW,LF,LU,MF,MW,MF,"Q4 Style: Top=direction, Bot=black_pos"
hc_128,hc_2_q28.png,HZ,QM,QS,QZ,VM,QS,"Q4 Style: Top=direction, Bot=black_pos"
hc_129,hc_2_q29.png,AE,AK,QE,QK,YE,AK,"Q4 Style: Top=direction, Bot=black_pos"
hc_130,hc_2_q30.png,BD,MF,ZD,ZF,ZR,ZR,"Q4 Style: Top=direction, Bot=black_pos"
hc_131,hc_2_q31.png,BM,BT,GL,QM,QT,BT,"Q4 Style: Top=direction, Bot=black_pos"
hc_132,hc_2_q32.png,BE,CK,WE,WG,WK,WK,"Q4 Style: Top=direction, Bot=black_pos"
hc_133,hc_2_q33.png,GN,UB,UH,XH,XN,GN,"Q4 Style: Top=direction, Bot=black_pos"
hc_134,hc_2_q34.png,LE,LF,LH,ZF,ZH,LH,"Q4 Style: Top=direction, Bot=black_pos"
hc_135,hc_2_q35.png,MD,MS,MV,UD,US,US,"Q4 Style: Top=direction, Bot=black_pos"
hc_136,hc_2_q36.png,FV,UQ,UV,XQ,XV,FV,"Q4 Style: Top=direction, Bot=black_pos"
hc_137,hc_2_q37.png,BF,BK,BU,HF,HK,BK,"Q4 Style: Top=direction, Bot=black_pos"
hc_138,hc_2_q38.png,CM,EL,EM,KL,KY,EM,"Q4 Style: Top=direction, Bot=black_pos"
hc_139,hc_2_q39.png,JA,US,VA,VK,VS,US,"Q4 Style: Top=direction, Bot=black_pos"
hc_140,hc_2_q40.png,BC,BH,BY,FC,FY,FC,"Q4 Style: Top=direction, Bot=black_pos"
hc_141,hc_2_q41.png,DR,HK,HZ,XK,XZ,XZ,"Q4 Style: Top=direction, Bot=black_pos"
hc_142,hc_2_q42.png,MD,MZ,TD,UY,UZ,UZ,"Q4 Style: Top=direction, Bot=black_pos"
hc_143,hc_2_q43.png,AG,AQ,JC,PC,PG,AQ,"Q4 Style: Top=direction, Bot=black_pos"
hc_144,hc_2_q44.png,FA,MA,MC,YC,YU,YC,"Q4 Style: Top=direction, Bot=black_pos"
hc_145,hc_2_q45.png,CD,TD,TE,UD,UE,UD,"Q4 Style: Top=direction, Bot=black_pos"
hc_146,hc_2_q46.png,CB,CH,KH,WA,WB,CH,"Q4 Style: Top=direction, Bot=black_pos"
hc_147,hc_2_q47.png,NH,NT,NW,UT,UW,UT,"Q4 Style: Top=direction, Bot=black_pos"
hc_148,hc_2_q48.png,NF,NW,NX,SW,SX,NF,"Q4 Style: Top=direction, Bot=black_pos"
hc_149,hc_2_q49.png,TK,TX,UC,UX,YC,TX,"Q4 Style: Top=direction, Bot=black_pos"
hc_150,hc_2_q50.png,EB,GJ,GS,QB,QS,GJ,"Q4 Style: Top=direction, Bot=black_pos"
hc_151,hc_2_q51.png,DM,EA,EM,XA,XM,EM,"Q5 Style: Top=shade_dir, Bot=shape"
hc_152,hc_2_q52.png,HP,LP,LT,RF,RT,RT,"Q5 Style: Top=shade_dir, Bot=shape"
hc_153,hc_2_q53.png,AL,VB,VC,VL,ZC,VC,"Q5 Style: Top=shade_dir, Bot=shape"
hc_154,hc_2_q54.png,NC,ND,SC,SD,TC,SD,"Q5 Style: Top=shade_dir, Bot=shape"
hc_155,hc_2_q55.png,HM,UB,UM,ZB,ZN,ZB,"Q5 Style: Top=shade_dir, Bot=shape"
hc_156,hc_2_q56.png,CP,CR,GF,GP,ZF,GF,"Q5 Style: Top=shade_dir, Bot=shape"
hc_157,hc_2_q57.png,HC,HE,RC,RY,TY,RC,"Q5 Style: Top=shade_dir, Bot=shape"
hc_158,hc_2_q58.png,DL,DS,EL,ES,QL,QL,"Q5 Style: Top=shade_dir, Bot=shape"
hc_159,hc_2_q59.png,DJ,DL,EJ,MG,ML,DJ,"Q5 Style: Top=shade_dir, Bot=shape"
hc_160,hc_2_q60.png,QG,RH,WG,WH,WT,WG,"Q5 Style: Top=shade_dir, Bot=shape"
hc_161,hc_2_q61.png,EH,PA,PD,XA,XD,XA,"Q5 Style: Top=shade_dir, Bot=shape"
hc_162,hc_2_q62.png,GP,GV,LN,LP,MN,LP,"Q5 Style: Top=shade_dir, Bot=shape"
hc_163,hc_2_q63.png,EW,LH,LX,YH,YW,EW,"Q5 Style: Top=shade_dir, Bot=shape"
hc_164,hc_2_q64.png,CN,CV,MN,MV,XH,CV,"Q5 Style: Top=shade_dir, Bot=shape"
hc_165,hc_2_q65.png,PN,PX,WX,ZC,ZN,ZN,"Q5 Style: Top=shade_dir, Bot=shape"
hc_166,hc_2_q66.png,LA,LM,LN,XA,YM,LA,"Q5 Style: Top=shade_dir, Bot=shape"
hc_167,hc_2_q67.png,DV,DX,NC,NV,NX,DX,"Q5 Style: Top=shade_dir, Bot=shape"
hc_168,hc_2_q68.png,RP,TG,TM,TP,YP,TG,"Q5 Style: Top=shade_dir, Bot=shape"
hc_169,hc_2_q69.png,PN,WN,WS,YN,YR,YR,"Q5 Style: Top=shade_dir, Bot=shape"
hc_170,hc_2_q70.png,LC,WB,WC,WY,ZY,LC,"Q5 Style: Top=shade_dir, Bot=shape"
hc_171,hc_2_q71.png,GF,JT,RF,RL,RT,RL,"Q5 Style: Top=shade_dir, Bot=shape"
hc_172,hc_2_q72.png,GZ,QW,QY,QZ,UY,GZ,"Q5 Style: Top=shade_dir, Bot=shape"
hc_173,hc_2_q73.png,FC,TX,YC,YL,YX,YC,"Q5 Style: Top=shade_dir, Bot=shape"
hc_174,hc_2_q74.png,HW,MK,MU,XK,XW,XW,"Q5 Style: Top=shade_dir, Bot=shape"
hc_175,hc_2_q75.png,JW,KF,KU,PF,PU,KF,"Q5 Style: Top=shade_dir, Bot=shape"
hc_176,hc_2_q76.png,CA,DA,DY,HA,HL,CA,"Q5 Style: Top=shade_dir, Bot=shape"
hc_177,hc_2_q77.png,DP,YP,ZF,ZP,ZX,ZX,"Q5 Style: Top=shade_dir, Bot=shape"
hc_178,hc_2_q78.png,MD,MQ,PB,PD,UQ,MD,"Q5 Style: Top=shade_dir, Bot=shape"
hc_179,hc_2_q79.png,HX,KN,KX,WL,WX,KN,"Q5 Style: Top=shade_dir, Bot=shape"
hc_180,hc_2_q80.png,ME,MU,NT,WE,WU,WE,"Q5 Style: Top=shade_dir, Bot=shape"
hc_181,hc_2_q81.png,SB,SZ,VB,VF,VZ,VZ,"Q5 Style: Top=shade_dir, Bot=shape"
hc_182,hc_2_q82.png,DQ,DU,HQ,ZU,ZY,ZU,"Q5 Style: Top=shade_dir, Bot=shape"
hc_183,hc_2_q83.png,JN,LK,LN,LR,SR,SR,"Q5 Style: Top=shade_dir, Bot=shape"
hc_184,hc_2_q84.png,HR,ME,MG,UG,UR,ME,"Q5 Style: Top=shade_dir, Bot=shape"
hc_185,hc_2_q85.png,DC,DK,DS,JS,YC,DK,"Q5 Style: Top=shade_dir, Bot=shape"
hc_186,hc_2_q86.png,LB,LV,UB,UQ,UV,LB,"Q5 Style: Top=shade_dir, Bot=shape"
hc_187,hc_2_q87.png,JF,JR,JV,XF,XV,JF,"Q5 Style: Top=shade_dir, Bot=shape"
hc_188,hc_2_q88.png,YB,YT,ZB,ZJ,ZT,ZB,"Q5 Style: Top=shade_dir, Bot=shape"
hc_189,hc_2_q89.png,GL,GY,PM,PY,RM,PM,"Q5 Style: Top=shade_dir, Bot=shape"
hc_190,hc_2_q90.png,JC,JK,YC,YK,YT,JC,"Q5 Style: Top=shade_dir, Bot=shape"
hc_191,hc_2_q91.png,KP,VJ,VP,XJ,XP,VJ,"Q5 Style: Top=shade_dir, Bot=shape"
hc_192,hc_2_q92.png,KE,KF,QZ,SF,SZ,SZ,"Q5 Style: Top=shade_dir, Bot=shape"
hc_193,hc_2_q93.png,FL,FN,HL,HX,YN,YN,"Q5 Style: Top=shade_dir, Bot=shape"
hc_194,hc_2_q94.png,FL,FM,FW,JL,JM,FM,"Q5 Style: Top=shade_dir, Bot=shape"
hc_195,hc_2_q95.png,BT,BX,JT,WQ,WX,WX,"Q5 Style: Top=shade_dir, Bot=shape"
hc_196,hc_2_q96.png,ME,MU,RE,RF,RU,RE,"Q5 Style: Top=shade_dir, Bot=shape"
hc_197,hc_2_q97.png,DZ,PG,PN,PZ,SG,SG,"Q5 Style: Top=shade_dir, Bot=shape"
hc_198,hc_2_q98.png,EG,EV,KG,KV,ZG,EG,"Q5 Style: Top=shade_dir, Bot=shape"
hc_199,hc_2_q99.png,HF,HP,JF,JP,QD,JP,"Q5 Style: Top=shade_dir, Bot=shape"
hc_200,hc_2_q100.png,AB,AF,KF,QB,QD,AF,"Q5 Style: Top=shade_dir, Bot=shape"
hc_201,hc_3_q1.png,ES,NK,NL,QL,QS,ES,"Q6 Style: Top=cross_sz, Bot=circle_sz"
hc_202,hc_3_q2.png,ER,GC,GU,MR,MU,GC,"Q6 Style: Top=cross_sz, Bot=circle_sz"
hc_203,hc_3_q3.png,DF,DQ,DS,XF,XS,XS,"Q6 Style: Top=cross_sz, Bot=circle_sz"
hc_204,hc_3_q4.png,JA,JP,SA,SM,SP,SM,"Q6 Style: Top=cross_sz, Bot=circle_sz"
hc_205,hc_3_q5.png,GB,GF,VB,VF,WF,GB,"Q6 Style: Top=cross_sz, Bot=circle_sz"
hc_206,hc_3_q6.png,AM,HM,HZ,KM,KT,AM,"Q6 Style: Top=cross_sz, Bot=circle_sz"
hc_207,hc_3_q7.png,GJ,GK,MJ,SD,SK,MJ,"Q6 Style: Top=cross_sz, Bot=circle_sz"
hc_208,hc_3_q8.png,HR,HU,LR,LU,PR,HR,"Q6 Style: Top=cross_sz, Bot=circle_sz"
hc_209,hc_3_q9.png,GF,GN,GR,KN,UF,GN,"Q6 Style: Top=cross_sz, Bot=circle_sz"
hc_210,hc_3_q10.png,HM,HX,LS,YS,YX,HM,"Q6 Style: Top=cross_sz, Bot=circle_sz"
hc_211,hc_3_q11.png,EQ,EW,SN,SQ,TQ,SN,"Q6 Style: Top=cross_sz, Bot=circle_sz"
hc_212,hc_3_q12.png,MB,MN,MQ,PQ,RN,MN,"Q6 Style: Top=cross_sz, Bot=circle_sz"
hc_213,hc_3_q13.png,CV,UD,UT,YT,YV,YT,"Q6 Style: Top=cross_sz, Bot=circle_sz"
hc_214,hc_3_q14.png,AP,AR,MP,XF,XR,MP,"Q6 Style: Top=cross_sz, Bot=circle_sz"
hc_215,hc_3_q15.png,BC,BU,JP,TP,TU,TP,"Q6 Style: Top=cross_sz, Bot=circle_sz"
hc_216,hc_3_q16.png,FV,PR,PV,SD,SR,SD,"Q6 Style: Top=cross_sz, Bot=circle_sz"
hc_217,hc_3_q17.png,DC,DU,EL,EU,JL,JL,"Q6 Style: Top=cross_sz, Bot=circle_sz"
hc_218,hc_3_q18.png,JB,UB,UC,VC,VW,UB,"Q6 Style: Top=cross_sz, Bot=circle_sz"
hc_219,hc_3_q19.png,BR,XP,XV,YP,YV,BR,"Q6 Style: Top=cross_sz, Bot=circle_sz"
hc_220,hc_3_q20.png,PQ,RK,RZ,UK,UQ,UK,"Q6 Style: Top=cross_sz, Bot=circle_sz"
hc_221,hc_3_q21.png,BX,CG,CS,EG,EX,EG,"Q6 Style: Top=cross_sz, Bot=circle_sz"
hc_222,hc_3_q22.png,GF,JF,JT,LF,LT,JF,"Q6 Style: Top=cross_sz, Bot=circle_sz"
hc_223,hc_3_q23.png,RE,RM,XM,XQ,ZQ,XQ,"Q6 Style: Top=cross_sz, Bot=circle_sz"
hc_224,hc_3_q24.png,QD,QH,UR,VH,VR,QH,"Q6 Style: Top=cross_sz, Bot=circle_sz"
hc_225,hc_3_q25.png,AJ,AV,NE,UJ,UV,AJ,"Q6 Style: Top=cross_sz, Bot=circle_sz"
hc_226,hc_3_q26.png,CB,CK,TK,TM,YM,TM,"Q6 Style: Top=cross_sz, Bot=circle_sz"
hc_227,hc_3_q27.png,KH,KV,YH,YP,YV,KV,"Q6 Style: Top=cross_sz, Bot=circle_sz"
hc_228,hc_3_q28.png,GB,GH,SH,YH,YP,SH,"Q6 Style: Top=cross_sz, Bot=circle_sz"
hc_229,hc_3_q29.png,DE,PF,PW,UE,UW,UE,"Q6 Style: Top=cross_sz, Bot=circle_sz"
hc_230,hc_3_q30.png,XF,XQ,XT,YF,YT,YT,"Q6 Style: Top=cross_sz, Bot=circle_sz"
hc_231,hc_3_q31.png,QT,UT,YG,YR,YT,YT,"Q6 Style: Top=cross_sz, Bot=circle_sz"
hc_232,hc_3_q32.png,BF,BW,QF,QL,QW,QW,"Q6 Style: Top=cross_sz, Bot=circle_sz"
hc_233,hc_3_q33.png,JD,JE,QE,XD,XE,QE,"Q6 Style: Top=cross_sz, Bot=circle_sz"
hc_234,hc_3_q34.png,GW,XR,ZB,ZR,ZW,GW,"Q6 Style: Top=cross_sz, Bot=circle_sz"
hc_235,hc_3_q35.png,LE,LJ,RF,RJ,YE,LJ,"Q6 Style: Top=cross_sz, Bot=circle_sz"
hc_236,hc_3_q36.png,GP,GS,VS,WP,WS,WP,"Q6 Style: Top=cross_sz, Bot=circle_sz"
hc_237,hc_3_q37.png,BS,PT,PY,XS,XT,PY,"Q6 Style: Top=cross_sz, Bot=circle_sz"
hc_238,hc_3_q38.png,AF,NC,NF,NX,RX,AF,"Q6 Style: Top=cross_sz, Bot=circle_sz"
hc_239,hc_3_q39.png,DA,DB,XA,XB,YC,XB,"Q6 Style: Top=cross_sz, Bot=circle_sz"
hc_240,hc_3_q40.png,GF,ME,MF,ML,XF,GF,"Q6 Style: Top=cross_sz, Bot=circle_sz"
hc_241,hc_3_q41.png,AC,AM,HC,HD,WD,AM,"Q6 Style: Top=cross_sz, Bot=circle_sz"
hc_242,hc_3_q42.png,FT,LN,LW,VN,VW,VW,"Q6 Style: Top=cross_sz, Bot=circle_sz"
hc_243,hc_3_q43.png,FM,FZ,KJ,KZ,QZ,FM,"Q6 Style: Top=cross_sz, Bot=circle_sz"
hc_244,hc_3_q44.png,KF,LF,MF,MQ,MW,MF,"Q6 Style: Top=cross_sz, Bot=circle_sz"
hc_245,hc_3_q45.png,DG,DQ,DU,JG,JQ,DU,"Q6 Style: Top=cross_sz, Bot=circle_sz"
hc_246,hc_3_q46.png,KC,KD,KW,YD,YW,KD,"Q6 Style: Top=cross_sz, Bot=circle_sz"
hc_247,hc_3_q47.png,GE,GS,PK,PS,ZK,ZK,"Q6 Style: Top=cross_sz, Bot=circle_sz"
hc_248,hc_3_q48.png,FG,FX,HB,UG,UX,FG,"Q6 Style: Top=cross_sz, Bot=circle_sz"
hc_249,hc_3_q49.png,RK,YC,YK,ZK,ZX,RK,"Q6 Style: Top=cross_sz, Bot=circle_sz"
hc_250,hc_3_q50.png,CF,CN,HF,HN,VP,HN,"Q6 Style: Top=cross_sz, Bot=circle_sz"
hc_251,hc_3_q51.png,LM,LQ,PJ,PQ,WJ,PJ,"Q7 Style: Top=count, Bot=inner_shape"
hc_252,hc_3_q52.png,GK,GT,NK,NT,VT,GK,"Q7 Style: Top=count, Bot=inner_shape"
hc_253,hc_3_q53.png,FB,FC,FH,GH,LC,GH,"Q7 Style: Top=count, Bot=inner_shape"
hc_254,hc_3_q54.png,XM,XT,ZM,ZS,ZT,ZT,"Q7 Style: Top=count, Bot=inner_shape"
hc_255,hc_3_q55.png,PB,PF,RB,RF,UB,PF,"Q7 Style: Top=count, Bot=inner_shape"
hc_256,hc_3_q56.png,GQ,GW,RQ,RW,XW,RW,"Q7 Style: Top=count, Bot=inner_shape"
hc_257,hc_3_q57.png,AT,AZ,HT,YQ,YZ,YQ,"Q7 Style: Top=count, Bot=inner_shape"
hc_258,hc_3_q58.png,AB,KT,VB,VC,VT,VB,"Q7 Style: Top=count, Bot=inner_shape"
hc_259,hc_3_q59.png,AH,PE,PX,YE,YX,YE,"Q7 Style: Top=count, Bot=inner_shape"
hc_260,hc_3_q60.png,WC,WS,WV,ZS,ZV,WC,"Q7 Style: Top=count, Bot=inner_shape"
hc_261,hc_3_q61.png,CS,CY,KY,RD,RY,RY,"Q7 Style: Top=count, Bot=inner_shape"
hc_262,hc_3_q62.png,CA,JA,JG,JV,RV,JA,"Q7 Style: Top=count, Bot=inner_shape"
hc_263,hc_3_q63.png,AW,SG,SK,UK,UW,SG,"Q7 Style: Top=count, Bot=inner_shape"
hc_264,hc_3_q64.png,EC,MC,MD,MS,XS,MD,"Q7 Style: Top=count, Bot=inner_shape"
hc_265,hc_3_q65.png,FU,RU,VB,VC,VU,FU,"Q7 Style: Top=count, Bot=inner_shape"
hc_266,hc_3_q66.png,CQ,CY,DR,DY,KQ,CQ,"Q7 Style: Top=count, Bot=inner_shape"
hc_267,hc_3_q67.png,CJ,CN,RJ,RN,ZH,RJ,"Q7 Style: Top=count, Bot=inner_shape"
hc_268,hc_3_q68.png,BN,BR,BT,XN,YR,BR,"Q7 Style: Top=count, Bot=inner_shape"
hc_269,hc_3_q69.png,KE,KJ,NC,NE,NJ,NJ,"Q7 Style: Top=count, Bot=inner_shape"
hc_270,hc_3_q70.png,AP,HT,HY,ZT,ZY,AP,"Q7 Style: Top=count, Bot=inner_shape"
hc_271,hc_3_q71.png,KE,RE,RM,SE,SM,KE,"Q7 Style: Top=count, Bot=inner_shape"
hc_272,hc_3_q72.png,JG,JH,LG,LH,PG,JG,"Q7 Style: Top=count, Bot=inner_shape"
hc_273,hc_3_q73.png,KE,KH,KU,TE,TH,KE,"Q7 Style: Top=count, Bot=inner_shape"
hc_274,hc_3_q74.png,HL,HX,JV,YL,YX,JV,"Q7 Style: Top=count, Bot=inner_shape"
hc_275,hc_3_q75.png,DL,ML,MR,TK,TR,TR,"Q7 Style: Top=count, Bot=inner_shape"
hc_276,hc_3_q76.png,CD,CX,LS,LX,ZD,CX,"Q7 Style: Top=count, Bot=inner_shape"
hc_277,hc_3_q77.png,LP,LU,NF,NP,YP,NF,"Q7 Style: Top=count, Bot=inner_shape"
hc_278,hc_3_q78.png,GA,GU,RA,SA,SU,SU,"Q7 Style: Top=count, Bot=inner_shape"
hc_279,hc_3_q79.png,BR,NC,NR,QC,QR,BR,"Q7 Style: Top=count, Bot=inner_shape"
hc_280,hc_3_q80.png,GU,GV,KC,KV,XC,KC,"Q7 Style: Top=count, Bot=inner_shape"
hc_281,hc_3_q81.png,CU,CY,TQ,ZQ,ZU,TQ,"Q7 Style: Top=count, Bot=inner_shape"
hc_282,hc_3_q82.png,QN,SJ,SN,SY,VJ,SJ,"Q7 Style: Top=count, Bot=inner_shape"
hc_283,hc_3_q83.png,BC,BU,QG,QU,VG,BU,"Q7 Style: Top=count, Bot=inner_shape"
hc_284,hc_3_q84.png,AF,CF,JF,JG,JH,AF,"Q7 Style: Top=count, Bot=inner_shape"
hc_285,hc_3_q85.png,AU,AW,EG,EU,XG,EU,"Q7 Style: Top=count, Bot=inner_shape"
hc_286,hc_3_q86.png,KE,NE,NT,NY,RE,NT,"Q7 Style: Top=count, Bot=inner_shape"
hc_287,hc_3_q87.png,DG,DZ,HG,PS,PZ,HG,"Q7 Style: Top=count, Bot=inner_shape"
hc_288,hc_3_q88.png,RJ,RN,SJ,SN,YN,RN,"Q7 Style: Top=count, Bot=inner_shape"
hc_289,hc_3_q89.png,CV,CW,SV,SW,SX,SX,"Q7 Style: Top=count, Bot=inner_shape"
hc_290,hc_3_q90.png,AC,AK,AU,XC,XU,XU,"Q7 Style: Top=count, Bot=inner_shape"
hc_291,hc_3_q91.png,GV,GY,HN,HV,MV,GV,"Q7 Style: Top=count, Bot=inner_shape"
hc_292,hc_3_q92.png,PC,RJ,RK,YC,YK,PC,"Q7 Style: Top=count, Bot=inner_shape"
hc_293,hc_3_q93.png,CH,CN,FH,FL,FN,CH,"Q7 Style: Top=count, Bot=inner_shape"
hc_294,hc_3_q94.png,GV,GW,JM,XM,XV,GV,"Q7 Style: Top=count, Bot=inner_shape"
hc_295,hc_3_q95.png,GB,GT,UZ,YB,YZ,GT,"Q7 Style: Top=count, Bot=inner_shape"
hc_296,hc_3_q96.png,JK,JX,NA,NX,PK,JK,"Q7 Style: Top=count, Bot=inner_shape"
hc_297,hc_3_q97.png,CF,QB,QE,SE,SF,SF,"Q7 Style: Top=count, Bot=inner_shape"
hc_298,hc_3_q98.png,HR,HX,LX,VM,VR,LX,"Q7 Style: Top=count, Bot=inner_shape"
hc_299,hc_3_q99.png,AV,UV,UX,WV,WX,UV,"Q7 Style: Top=count, Bot=inner_shape"
hc_300,hc_3_q100.png,ND,NS,PH,PS,TD,TD,"Q7 Style: Top=count, Bot=inner_shape"
hc_301,hc_4_q1.png,KA,MB,MJ,QA,SA,MB,"Q8 Style: Top=rect_shade, Bot=circ_shade"
hc_302,hc_4_q2.png,NA,TS,WA,WK,WS,WA,"Q8 Style: Top=rect_shade, Bot=circ_shade"
hc_303,hc_4_q3.png,AF,AV,KW,NR,NW,NW,"Q8 Style: Top=rect_shade, Bot=circ_shade"
hc_304,hc_4_q4.png,GF,QK,QY,UY,XF,XF,"Q8 Style: Top=rect_shade, Bot=circ_shade"
hc_305,hc_4_q5.png,AT,GT,KY,PR,PY,PY,"Q8 Style: Top=rect_shade, Bot=circ_shade"
hc_306,hc_4_q6.png,AF,CE,CL,QV,WE,WE,"Q8 Style: Top=rect_shade, Bot=circ_shade"
hc_307,hc_4_q7.png,GE,JA,ME,MR,XB,JA,"Q8 Style: Top=rect_shade, Bot=circ_shade"
hc_308,hc_4_q8.png,HD,HJ,ND,NE,YD,ND,"Q8 Style: Top=rect_shade, Bot=circ_shade"
hc_309,hc_4_q9.png,BA,BN,MS,QA,YN,YN,"Q8 Style: Top=rect_shade, Bot=circ_shade"
hc_310,hc_4_q10.png,TB,XG,ZB,ZG,ZM,ZG,"Q8 Style: Top=rect_shade, Bot=circ_shade"
hc_311,hc_4_q11.png,AH,AL,XL,XU,YH,AH,"Q8 Style: Top=rect_shade, Bot=circ_shade"
hc_312,hc_4_q12.png,BM,GH,GT,UM,UT,GH,"Q8 Style: Top=rect_shade, Bot=circ_shade"
hc_313,hc_4_q13.png,BC,MC,NC,NK,ZC,NC,"Q8 Style: Top=rect_shade, Bot=circ_shade"
hc_314,hc_4_q14.png,EF,SX,ZF,ZP,ZX,ZF,"Q8 Style: Top=rect_shade, Bot=circ_shade"
hc_315,hc_4_q15.png,GE,QP,RE,RX,RZ,RX,"Q8 Style: Top=rect_shade, Bot=circ_shade"
hc_316,hc_4_q16.png,GF,GH,GW,JE,UE,JE,"Q8 Style: Top=rect_shade, Bot=circ_shade"
hc_317,hc_4_q17.png,EX,RL,RU,ZL,ZQ,EX,"Q8 Style: Top=rect_shade, Bot=circ_shade"
hc_318,hc_4_q18.png,MS,NE,XV,ZK,ZS,MS,"Q8 Style: Top=rect_shade, Bot=circ_shade"
hc_319,hc_4_q19.png,CB,CF,DE,JN,KF,CF,"Q8 Style: Top=rect_shade, Bot=circ_shade"
hc_320,hc_4_q20.png,BQ,BY,CS,TS,ZQ,CS,"Q8 Style: Top=rect_shade, Bot=circ_shade"
hc_321,hc_4_q21.png,CE,CS,GJ,NR,QJ,CS,"Q8 Style: Top=rect_shade, Bot=circ_shade"
hc_322,hc_4_q22.png,AC,AN,FC,FN,KH,FC,"Q8 Style: Top=rect_shade, Bot=circ_shade"
hc_323,hc_4_q23.png,RD,RW,UD,UE,YW,UE,"Q8 Style: Top=rect_shade, Bot=circ_shade"
hc_324,hc_4_q24.png,WJ,WL,XD,XS,ZD,ZD,"Q8 Style: Top=rect_shade, Bot=circ_shade"
hc_325,hc_4_q25.png,GT,GU,QT,RT,RV,QT,"Q8 Style: Top=rect_shade, Bot=circ_shade"
hc_326,hc_4_q26.png,BU,FG,QG,SU,SZ,FG,"Q8 Style: Top=rect_shade, Bot=circ_shade"
hc_327,hc_4_q27.png,EC,EQ,LS,ZC,ZS,ZS,"Q8 Style: Top=rect_shade, Bot=circ_shade"
hc_328,hc_4_q28.png,CE,MG,VE,YH,YQ,VE,"Q8 Style: Top=rect_shade, Bot=circ_shade"
hc_329,hc_4_q29.png,DG,DK,EK,HN,RK,RK,"Q8 Style: Top=rect_shade, Bot=circ_shade"
hc_330,hc_4_q30.png,JH,PE,RH,RX,SX,SX,"Q8 Style: Top=rect_shade, Bot=circ_shade"
hc_331,hc_4_q31.png,FA,FL,HA,UA,YA,FL,"Q8 Style: Top=rect_shade, Bot=circ_shade"
hc_332,hc_4_q32.png,CD,MK,ML,QH,QK,ML,"Q8 Style: Top=rect_shade, Bot=circ_shade"
hc_333,hc_4_q33.png,CE,FN,RN,RY,UN,CE,"Q8 Style: Top=rect_shade, Bot=circ_shade"
hc_334,hc_4_q34.png,BH,BT,SN,SQ,XQ,XQ,"Q8 Style: Top=rect_shade, Bot=circ_shade"
hc_335,hc_4_q35.png,BU,MH,TC,TH,TW,TH,"Q8 Style: Top=rect_shade, Bot=circ_shade"
hc_336,hc_4_q36.png,BP,KG,UG,US,XS,US,"Q8 Style: Top=rect_shade, Bot=circ_shade"
hc_337,hc_4_q37.png,JF,ML,QB,YA,YL,JF,"Q8 Style: Top=rect_shade, Bot=circ_shade"
hc_338,hc_4_q38.png,DB,DH,DX,QH,WH,QH,"Q8 Style: Top=rect_shade, Bot=circ_shade"
hc_339,hc_4_q39.png,AS,MP,MS,WS,WT,MS,"Q8 Style: Top=rect_shade, Bot=circ_shade"
hc_340,hc_4_q40.png,AE,AT,DE,DH,RT,AT,"Q8 Style: Top=rect_shade, Bot=circ_shade"
hc_341,hc_4_q41.png,CL,EP,NL,NZ,XB,NL,"Q8 Style: Top=rect_shade, Bot=circ_shade"
hc_342,hc_4_q42.png,MJ,NR,NZ,QJ,QY,MJ,"Q8 Style: Top=rect_shade, Bot=circ_shade"
hc_343,hc_4_q43.png,VM,YP,YW,ZM,ZP,VM,"Q8 Style: Top=rect_shade, Bot=circ_shade"
hc_344,hc_4_q44.png,HD,HP,MP,UD,YC,HP,"Q8 Style: Top=rect_shade, Bot=circ_shade"
hc_345,hc_4_q45.png,BL,UH,UL,YH,YL,UH,"Q8 Style: Top=rect_shade, Bot=circ_shade"
hc_346,hc_4_q46.png,WQ,WX,YQ,ZQ,ZX,WX,"Q8 Style: Top=rect_shade, Bot=circ_shade"
hc_347,hc_4_q47.png,LF,LR,QF,QS,ZS,LR,"Q8 Style: Top=rect_shade, Bot=circ_shade"
hc_348,hc_4_q48.png,CH,JU,KP,YH,YM,YM,"Q8 Style: Top=rect_shade, Bot=circ_shade"
hc_349,hc_4_q49.png,CK,HM,HN,RM,UP,HN,"Q8 Style: Top=rect_shade, Bot=circ_shade"
hc_350,hc_4_q50.png,BQ,HR,HV,UQ,UV,BQ,"Q8 Style: Top=rect_shade, Bot=circ_shade"
hc_351,hc_4_q51.png,AB,AR,FU,PB,PU,FU,"Q9 Style: Top=count, Bot=shape"
hc_352,hc_4_q52.png,GA,GW,RX,UA,UX,UA,"Q9 Style: Top=count, Bot=shape"
hc_353,hc_4_q53.png,GT,HJ,RJ,RQ,RT,RJ,"Q9 Style: Top=count, Bot=shape"
hc_354,hc_4_q54.png,AU,MB,MY,WU,WY,WY,"Q9 Style: Top=count, Bot=shape"
hc_355,hc_4_q55.png,BH,MP,RA,RP,SC,MP,"Q9 Style: Top=count, Bot=shape"
hc_356,hc_4_q56.png,AM,AT,ET,NF,NL,NF,"Q9 Style: Top=count, Bot=shape"
hc_357,hc_4_q57.png,AV,DH,QW,YH,YW,AV,"Q9 Style: Top=count, Bot=shape"
hc_358,hc_4_q58.png,BV,SV,ZN,ZT,ZV,BV,"Q9 Style: Top=count, Bot=shape"
hc_359,hc_4_q59.png,TH,TM,XH,XR,ZR,TH,"Q9 Style: Top=count, Bot=shape"
hc_360,hc_4_q60.png,HG,HX,HZ,PX,YZ,HX,"Q9 Style: Top=count, Bot=shape"
hc_361,hc_4_q61.png,CG,CN,CP,DP,SA,DP,"Q9 Style: Top=count, Bot=shape"
hc_362,hc_4_q62.png,PJ,PR,SJ,SU,ZJ,SU,"Q9 Style: Top=count, Bot=shape"
hc_363,hc_4_q63.png,HY,MX,PN,PX,PY,PX,"Q9 Style: Top=count, Bot=shape"
hc_364,hc_4_q64.png,AF,AG,AZ,EF,EZ,EZ,"Q9 Style: Top=count, Bot=shape"
hc_365,hc_4_q65.png,FW,TD,TP,VB,VD,VB,"Q9 Style: Top=count, Bot=shape"
hc_366,hc_4_q66.png,AP,SV,WB,WP,WV,AP,"Q9 Style: Top=count, Bot=shape"
hc_367,hc_4_q67.png,DP,HP,RB,RZ,XC,RB,"Q9 Style: Top=count, Bot=shape"
hc_368,hc_4_q68.png,EN,LJ,LM,RJ,WN,EN,"Q9 Style: Top=count, Bot=shape"
hc_369,hc_4_q69.png,GF,GH,JF,PF,VF,GH,"Q9 Style: Top=count, Bot=shape"
hc_370,hc_4_q70.png,CP,HD,KP,MP,MZ,MP,"Q9 Style: Top=count, Bot=shape"
hc_371,hc_4_q71.png,MF,MH,MT,UF,US,MT,"Q9 Style: Top=count, Bot=shape"
hc_372,hc_4_q72.png,CN,CW,CX,ES,US,CW,"Q9 Style: Top=count, Bot=shape"
hc_373,hc_4_q73.png,JF,JS,KF,RY,WF,KF,"Q9 Style: Top=count, Bot=shape"
hc_374,hc_4_q74.png,HJ,HT,PJ,QA,QY,QA,"Q9 Style: Top=count, Bot=shape"
hc_375,hc_4_q75.png,CB,CP,CX,EB,WX,EB,"Q9 Style: Top=count, Bot=shape"
hc_376,hc_4_q76.png,CF,DE,DF,DS,VF,CF,"Q9 Style: Top=count, Bot=shape"
hc_377,hc_4_q77.png,AG,AQ,SG,WC,WQ,AQ,"Q9 Style: Top=count, Bot=shape"
hc_378,hc_4_q78.png,HC,HQ,MA,MQ,SQ,MA,"Q9 Style: Top=count, Bot=shape"
hc_379,hc_4_q79.png,DK,FE,FG,TE,XK,DK,"Q9 Style: Top=count, Bot=shape"
hc_380,hc_4_q80.png,KP,UD,VP,WD,WQ,WD,"Q9 Style: Top=count, Bot=shape"
hc_381,hc_4_q81.png,DL,DM,FX,HX,KL,DL,"Q9 Style: Top=count, Bot=shape"
hc_382,hc_4_q82.png,AQ,EQ,ZQ,ZS,ZY,ZS,"Q9 Style: Top=count, Bot=shape"
hc_383,hc_4_q83.png,SJ,VC,VN,YJ,YN,VN,"Q9 Style: Top=count, Bot=shape"
hc_384,hc_4_q84.png,CJ,CX,TJ,TM,WX,WX,"Q9 Style: Top=count, Bot=shape"
hc_385,hc_4_q85.png,JT,NT,NW,QA,UA,UA,"Q9 Style: Top=count, Bot=shape"
hc_386,hc_4_q86.png,DC,DL,DN,HC,VN,DC,"Q9 Style: Top=count, Bot=shape"
hc_387,hc_4_q87.png,ML,MY,NL,RW,RX,RW,"Q9 Style: Top=count, Bot=shape"
hc_388,hc_4_q88.png,AE,AL,AS,PE,WB,AL,"Q9 Style: Top=count, Bot=shape"
hc_389,hc_4_q89.png,CU,DM,HB,HM,PV,CU,"Q9 Style: Top=count, Bot=shape"
hc_390,hc_4_q90.png,MF,MJ,TF,XF,XQ,MF,"Q9 Style: Top=count, Bot=shape"
hc_391,hc_4_q91.png,BJ,BL,RL,TJ,UC,TJ,"Q9 Style: Top=count, Bot=shape"
hc_392,hc_4_q92.png,DQ,DS,LJ,TJ,TQ,LJ,"Q9 Style: Top=count, Bot=shape"
hc_393,hc_4_q93.png,GR,KR,QR,ZR,ZT,QR,"Q9 Style: Top=count, Bot=shape"
hc_394,hc_4_q94.png,UF,UM,WB,WM,WQ,UF,"Q9 Style: Top=count, Bot=shape"
hc_395,hc_4_q95.png,BL,HC,HT,RE,WE,BL,"Q9 Style: Top=count, Bot=shape"
hc_396,hc_4_q96.png,AB,AJ,ML,ZB,ZR,ZB,"Q9 Style: Top=count, Bot=shape"
hc_397,hc_4_q97.png,DA,DL,HA,HP,UZ,DA,"Q9 Style: Top=count, Bot=shape"
hc_398,hc_4_q98.png,DP,GP,UA,UE,UP,DP,"Q9 Style: Top=count, Bot=shape"
hc_399,hc_4_q99.png,FJ,LC,LJ,NP,NW,LJ,"Q9 Style: Top=count, Bot=shape"
hc_400,hc_4_q100.png,NM,NY,UM,WM,WY,NM,"Q9 Style: Top=count, Bot=shape"
hc_401,hc_4_q101.png,FC,FJ,LJ,VC,VW,FJ,"Q10 Style: Top=position, Bot=count"
hc_402,hc_4_q102.png,DB,DF,DG,UB,WG,UB,"Q10 Style: Top=position, Bot=count"
hc_403,hc_4_q103.png,DK,DM,DS,XK,ZS,DM,"Q10 Style: Top=position, Bot=count"
hc_404,hc_4_q104.png,DF,DJ,YJ,ZC,ZF,DF,"Q10 Style: Top=position, Bot=count"
hc_405,hc_4_q105.png,EB,EC,NC,NM,XC,NM,"Q10 Style: Top=position, Bot=count"
hc_406,hc_4_q106.png,EK,EL,HK,HL,WT,WT,"Q10 Style: Top=position, Bot=count"
hc_407,hc_4_q107.png,DV,DY,PQ,PY,SV,SV,"Q10 Style: Top=position, Bot=count"
hc_408,hc_4_q108.png,CF,CG,DG,DR,JF,JF,"Q10 Style: Top=position, Bot=count"
hc_409,hc_4_q109.png,FZ,MB,MV,WB,WV,WB,"Q10 Style: Top=position, Bot=count"
hc_410,hc_4_q110.png,ES,EZ,JS,JW,RZ,RZ,"Q10 Style: Top=position, Bot=count"
hc_411,hc_4_q111.png,ES,EZ,RP,RS,TZ,TZ,"Q10 Style: Top=position, Bot=count"
hc_412,hc_4_q112.png,FG,FN,HN,HR,JG,FG,"Q10 Style: Top=position, Bot=count"
hc_413,hc_4_q113.png,HE,HJ,HM,NM,YJ,YJ,"Q10 Style: Top=position, Bot=count"
hc_414,hc_4_q114.png,KE,KL,KR,UR,YR,UR,"Q10 Style: Top=position, Bot=count"
hc_415,hc_4_q115.png,DM,QF,QM,QU,YU,QU,"Q10 Style: Top=position, Bot=count"
hc_416,hc_4_q116.png,BG,CG,LG,LX,LZ,LG,"Q10 Style: Top=position, Bot=count"
hc_417,hc_4_q117.png,KQ,SQ,SU,WL,WU,SU,"Q10 Style: Top=position, Bot=count"
hc_418,hc_4_q118.png,BD,BY,KD,XD,XL,BY,"Q10 Style: Top=position, Bot=count"
hc_419,hc_4_q119.png,FB,RC,RN,UC,UN,RC,"Q10 Style: Top=position, Bot=count"
hc_420,hc_4_q120.png,CB,CH,GH,GK,LH,GH,"Q10 Style: Top=position, Bot=count"
hc_421,hc_4_q121.png,AC,AZ,QC,QL,YC,YC,"Q10 Style: Top=position, Bot=count"
hc_422,hc_4_q122.png,DT,KL,KT,KU,RU,RU,"Q10 Style: Top=position, Bot=count"
hc_423,hc_4_q123.png,BG,FA,FG,FP,TA,TA,"Q10 Style: Top=position, Bot=count"
hc_424,hc_4_q124.png,HC,HD,MD,TC,TZ,HD,"Q10 Style: Top=position, Bot=count"
hc_425,hc_4_q125.png,MC,MG,RC,RG,SU,RC,"Q10 Style: Top=position, Bot=count"
hc_426,hc_4_q126.png,HE,HU,TU,XE,XU,HE,"Q10 Style: Top=position, Bot=count"
hc_427,hc_4_q127.png,DG,DU,YM,ZG,ZU,ZG,"Q10 Style: Top=position, Bot=count"
hc_428,hc_4_q128.png,BG,BR,LD,LG,YG,YG,"Q10 Style: Top=position, Bot=count"
hc_429,hc_4_q129.png,AH,AY,SH,SU,TH,TH,"Q10 Style: Top=position, Bot=count"
hc_430,hc_4_q130.png,BJ,BR,GR,GY,SR,BR,"Q10 Style: Top=position, Bot=count"
hc_431,hc_4_q131.png,DA,DQ,JA,WE,WQ,WE,"Q10 Style: Top=position, Bot=count"
hc_432,hc_4_q132.png,NB,NK,RB,RK,TK,RK,"Q10 Style: Top=position, Bot=count"
hc_433,hc_4_q133.png,BN,BZ,GN,MK,MN,MK,"Q10 Style: Top=position, Bot=count"
hc_434,hc_4_q134.png,FC,GC,GN,VC,VQ,GC,"Q10 Style: Top=position, Bot=count"
hc_435,hc_4_q135.png,CB,CP,CY,GY,SP,SP,"Q10 Style: Top=position, Bot=count"
hc_436,hc_4_q136.png,DR,DX,KP,LP,LX,KP,"Q10 Style: Top=position, Bot=count"
hc_437,hc_4_q137.png,GM,GP,GT,LM,WM,WM,"Q10 Style: Top=position, Bot=count"
hc_438,hc_4_q138.png,BU,BW,GU,GY,HU,GY,"Q10 Style: Top=position, Bot=count"
hc_439,hc_4_q139.png,EC,ER,FR,HR,HT,EC,"Q10 Style: Top=position, Bot=count"
hc_440,hc_4_q140.png,PU,PV,QL,QV,YL,YL,"Q10 Style: Top=position, Bot=count"
hc_441,hc_4_q141.png,CV,CX,CY,FV,JV,FV,"Q10 Style: Top=position, Bot=count"
hc_442,hc_4_q142.png,EL,QL,QV,YL,YT,YT,"Q10 Style: Top=position, Bot=count"
hc_443,hc_4_q143.png,LF,LU,LW,MW,TU,TU,"Q10 Style: Top=position, Bot=count"
hc_444,hc_4_q144.png,BZ,FE,FH,FZ,JH,BZ,"Q10 Style: Top=position, Bot=count"
hc_445,hc_4_q145.png,ML,MQ,MT,NL,UL,UL,"Q10 Style: Top=position, Bot=count"
hc_446,hc_4_q146.png,MH,MT,WC,WH,WT,MT,"Q10 Style: Top=position, Bot=count"
hc_447,hc_4_q147.png,CM,CN,JG,JM,JN,CN,"Q10 Style: Top=position, Bot=count"
hc_448,hc_4_q148.png,GK,TB,TF,UB,UK,UB,"Q10 Style: Top=position, Bot=count"
hc_449,hc_4_q149.png,EA,EZ,HD,NA,NZ,EZ,"Q10 Style: Top=position, Bot=count"
hc_450,hc_4_q150.png,FV,FZ,QS,QV,QZ,FZ,"Q10 Style: Top=position, Bot=count"
hc_451,hc_5_q1.png,AN,HC,HN,WN,WZ,HC,"Q11 Style: Top refers to shape2, Bot refers to shape1"
hc_452,hc_5_q2.png,BF,BZ,MC,SC,SF,MC,"Q11 Style: Top refers to shape2, Bot refers to shape1"
hc_453,hc_5_q3.png,DJ,DY,FJ,FK,TK,DY,"Q11 Style: Top refers to shape2, Bot refers to shape1"
hc_454,hc_5_q4.png,HC,HM,NC,NE,QC,NE,"Q11 Style: Top refers to shape2, Bot refers to shape1"
hc_455,hc_5_q5.png,GL,GR,GS,NL,NS,GL,"Q11 Style: Top refers to shape2, Bot refers to shape1"
hc_456,hc_5_q6.png,HA,HF,TA,TF,WF,TA,"Q11 Style: Top refers to shape2, Bot refers to shape1"
hc_457,hc_5_q7.png,KL,NJ,NL,SJ,SL,NJ,"Q11 Style: Top refers to shape2, Bot refers to shape1"
hc_458,hc_5_q8.png,BF,BJ,LF,LJ,LR,BJ,"Q11 Style: Top refers to shape2, Bot refers to shape1"
hc_459,hc_5_q9.png,GQ,HQ,HZ,YQ,YX,YX,"Q11 Style: Top refers to shape2, Bot refers to shape1"
hc_460,hc_5_q10.png,DB,MB,MY,TB,TH,TH,"Q11 Style: Top refers to shape2, Bot refers to shape1"
hc_461,hc_5_q11.png,BK,BP,BU,VK,VU,VK,"Q11 Style: Top refers to shape2, Bot refers to shape1"
hc_462,hc_5_q12.png,EG,ES,ET,MG,MT,MG,"Q11 Style: Top refers to shape2, Bot refers to shape1"
hc_463,hc_5_q13.png,EW,ML,MW,YL,YW,EW,"Q11 Style: Top refers to shape2, Bot refers to shape1"
hc_464,hc_5_q14.png,AG,AN,PJ,PN,WG,PJ,"Q11 Style: Top refers to shape2, Bot refers to shape1"
hc_465,hc_5_q15.png,AK,LD,ZD,ZK,ZR,ZK,"Q11 Style: Top refers to shape2, Bot refers to shape1"
hc_466,hc_5_q16.png,AK,AN,LD,LK,LN,LD,"Q11 Style: Top refers to shape2, Bot refers to shape1"
hc_467,hc_5_q17.png,JS,KN,KS,KY,XS,KY,"Q11 Style: Top refers to shape2, Bot refers to shape1"
hc_468,hc_5_q18.png,HJ,HS,HY,VY,WY,HJ,"Q11 Style: Top refers to shape2, Bot refers to shape1"
hc_469,hc_5_q19.png,CB,CS,KB,UM,US,KB,"Q11 Style: Top refers to shape2, Bot refers to shape1"
hc_470,hc_5_q20.png,KL,KS,NL,TM,TS,NL,"Q11 Style: Top refers to shape2, Bot refers to shape1"
hc_471,hc_5_q21.png,GX,PC,PX,WC,WX,PC,"Q11 Style: Top refers to shape2, Bot refers to shape1"
hc_472,hc_5_q22.png,MG,MU,MV,YG,YU,YU,"Q11 Style: Top refers to shape2, Bot refers to shape1"
hc_473,hc_5_q23.png,WP,WQ,WT,XP,XQ,WP,"Q11 Style: Top refers to shape2, Bot refers to shape1"
hc_474,hc_5_q24.png,LX,YE,ZE,ZS,ZX,YE,"Q11 Style: Top refers to shape2, Bot refers to shape1"
hc_475,hc_5_q25.png,CH,FH,NH,NX,NY,FH,"Q11 Style: Top refers to shape2, Bot refers to shape1"
hc_476,hc_5_q26.png,AT,AV,CT,CV,MT,CV,"Q11 Style: Top refers to shape2, Bot refers to shape1"
hc_477,hc_5_q27.png,FX,FZ,MB,MZ,PB,MZ,"Q11 Style: Top refers to shape2, Bot refers to shape1"
hc_478,hc_5_q28.png,CK,CT,CX,JK,NK,CK,"Q11 Style: Top refers to shape2, Bot refers to shape1"
hc_479,hc_5_q29.png,JB,JE,JU,KU,VE,JB,"Q11 Style: Top refers to shape2, Bot refers to shape1"
hc_480,hc_5_q30.png,RZ,XV,YV,YW,YZ,RZ,"Q11 Style: Top refers to shape2, Bot refers to shape1"
hc_481,hc_5_q31.png,BE,BK,ME,MK,UE,ME,"Q11 Style: Top refers to shape2, Bot refers to shape1"
hc_482,hc_5_q32.png,AH,AP,TP,WH,WM,WH,"Q11 Style: Top refers to shape2, Bot refers to shape1"
hc_483,hc_5_q33.png,JG,LG,LR,LW,TW,TW,"Q11 Style: Top refers to shape2, Bot refers to shape1"
hc_484,hc_5_q34.png,JK,XG,XK,ZB,ZG,XG,"Q11 Style: Top refers to shape2, Bot refers to shape1"
hc_485,hc_5_q35.png,HZ,MB,QB,QD,QZ,MB,"Q11 Style: Top refers to shape2, Bot refers to shape1"
hc_486,hc_5_q36.png,DV,DY,HY,RB,RV,DV,"Q11 Style: Top refers to shape2, Bot refers to shape1"
hc_487,hc_5_q37.png,NA,NS,RK,ZK,ZS,ZK,"Q11 Style: Top refers to shape2, Bot refers to shape1"
hc_488,hc_5_q38.png,AK,HJ,HK,WJ,WK,AK,"Q11 Style: Top refers to shape2, Bot refers to shape1"
hc_489,hc_5_q39.png,GD,GL,YR,ZD,ZL,GD,"Q11 Style: Top refers to shape2, Bot refers to shape1"
hc_490,hc_5_q40.png,FG,HT,HX,UG,UX,UX,"Q11 Style: Top refers to shape2, Bot refers to shape1"
hc_491,hc_5_q41.png,MG,MK,PG,YG,YR,YR,"Q11 Style: Top refers to shape2, Bot refers to shape1"
hc_492,hc_5_q42.png,KJ,KV,PF,PJ,YF,PJ,"Q11 Style: Top refers to shape2, Bot refers to shape1"
hc_493,hc_5_q43.png,QA,QU,RA,SG,SU,QA,"Q11 Style: Top refers to shape2, Bot refers to shape1"
hc_494,hc_5_q44.png,ER,GA,GL,GR,QR,ER,"Q11 Style: Top refers to shape2, Bot refers to shape1"
hc_495,hc_5_q45.png,SD,SG,SJ,YG,YJ,YJ,"Q11 Style: Top refers to shape2, Bot refers to shape1"
hc_496,hc_5_q46.png,JK,JW,MW,YK,YW,MW,"Q11 Style: Top refers to shape2, Bot refers to shape1"
hc_497,hc_5_q47.png,CH,CT,NH,RA,RT,CT,"Q11 Style: Top refers to shape2, Bot refers to shape1"
hc_498,hc_5_q48.png,LD,ND,NF,NT,YD,NF,"Q11 Style: Top refers to shape2, Bot refers to shape1"
hc_499,hc_5_q49.png,GJ,GY,HJ,HY,PY,GJ,"Q11 Style: Top refers to shape2, Bot refers to shape1"
hc_500,hc_5_q50.png,KE,KH,XH,XM,YH,KH,"Q11 Style: Top refers to shape2, Bot refers to shape1"
hc_501,hc_5_q51.png,JE,JH,QA,QH,XA,QA,"Q12 Style: Top refers to shape, Bot refers to count"
hc_502,hc_5_q52.png,AM,JM,KH,KM,KV,AM,"Q12 Style: Top refers to shape, Bot refers to count"
hc_503,hc_5_q53.png,HE,HP,HU,JP,ZP,HE,"Q12 Style: Top refers to shape, Bot refers to count"
hc_504,hc_5_q54.png,JK,JY,MK,SK,SY,SY,"Q12 Style: Top refers to shape, Bot refers to count"
hc_505,hc_5_q55.png,HE,HR,VE,VW,ZE,ZE,"Q12 Style: Top refers to shape, Bot refers to count"
hc_506,hc_5_q56.png,GB,PB,PT,PX,ST,PX,"Q12 Style: Top refers to shape, Bot refers to count"
hc_507,hc_5_q57.png,AK,BT,HK,HT,HU,HK,"Q12 Style: Top refers to shape, Bot refers to count"
hc_508,hc_5_q58.png,AZ,JY,JZ,WU,WY,JY,"Q12 Style: Top refers to shape, Bot refers to count"
hc_509,hc_5_q59.png,GJ,GP,GQ,NP,WJ,NP,"Q12 Style: Top refers to shape, Bot refers to count"
hc_510,hc_5_q60.png,AD,FM,FW,UM,UW,UW,"Q12 Style: Top refers to shape, Bot refers to count"
hc_511,hc_5_q61.png,AV,AY,DY,KU,KV,KU,"Q12 Style: Top refers to shape, Bot refers to count"
hc_512,hc_5_q62.png,LD,LP,SD,SH,UD,SD,"Q12 Style: Top refers to shape, Bot refers to count"
hc_513,hc_5_q63.png,AN,AY,QN,WU,WY,WY,"Q12 Style: Top refers to shape, Bot refers to count"
hc_514,hc_5_q64.png,HE,HK,HL,PE,XL,HL,"Q12 Style: Top refers to shape, Bot refers to count"
hc_515,hc_5_q65.png,AJ,AY,PJ,PY,UY,AY,"Q12 Style: Top refers to shape, Bot refers to count"
hc_516,hc_5_q66.png,DL,DS,ES,GN,GS,DS,"Q12 Style: Top refers to shape, Bot refers to count"
hc_517,hc_5_q67.png,BE,NE,NV,UE,UV,UE,"Q12 Style: Top refers to shape, Bot refers to count"
hc_518,hc_5_q68.png,EK,EL,QL,WL,WN,QL,"Q12 Style: Top refers to shape, Bot refers to count"
hc_519,hc_5_q69.png,KC,RC,RP,SC,SG,RC,"Q12 Style: Top refers to shape, Bot refers to count"
hc_520,hc_5_q70.png,KM,KV,SH,SM,ZV,SH,"Q12 Style: Top refers to shape, Bot refers to count"
hc_521,hc_5_q71.png,BE,BN,BS,VN,ZE,VN,"Q12 Style: Top refers to shape, Bot refers to count"
hc_522,hc_5_q72.png,RC,RX,TC,WC,WX,RC,"Q12 Style: Top refers to shape, Bot refers to count"
hc_523,hc_5_q73.png,DA,KA,KR,PA,PR,KR,"Q12 Style: Top refers to shape, Bot refers to count"
hc_524,hc_5_q74.png,AT,AV,LS,LT,NT,LS,"Q12 Style: Top refers to shape, Bot refers to count"
hc_525,hc_5_q75.png,CE,WP,WR,XP,XR,XP,"Q12 Style: Top refers to shape, Bot refers to count"
hc_526,hc_5_q76.png,AF,AG,EY,WG,WY,AF,"Q12 Style: Top refers to shape, Bot refers to count"
hc_527,hc_5_q77.png,CE,CR,SJ,SR,UJ,CE,"Q12 Style: Top refers to shape, Bot refers to count"
hc_528,hc_5_q78.png,HR,KB,KR,LB,LG,LB,"Q12 Style: Top refers to shape, Bot refers to count"
hc_529,hc_5_q79.png,EH,EU,PH,PU,SU,PH,"Q12 Style: Top refers to shape, Bot refers to count"
hc_530,hc_5_q80.png,FT,LQ,LT,VC,VQ,FT,"Q12 Style: Top refers to shape, Bot refers to count"
hc_531,hc_5_q81.png,VK,WA,WE,YE,YK,VK,"Q12 Style: Top refers to shape, Bot refers to count"
hc_532,hc_5_q82.png,JF,JX,MF,TF,TX,JF,"Q12 Style: Top refers to shape, Bot refers to count"
hc_533,hc_5_q83.png,AE,AG,AR,BE,XE,BE,"Q12 Style: Top refers to shape, Bot refers to count"
hc_534,hc_5_q84.png,HE,HX,JE,JX,ME,HX,"Q12 Style: Top refers to shape, Bot refers to count"
hc_535,hc_5_q85.png,CP,CT,ET,EX,RX,ET,"Q12 Style: Top refers to shape, Bot refers to count"
hc_536,hc_5_q86.png,GR,LB,LE,WB,WR,LE,"Q12 Style: Top refers to shape, Bot refers to count"
hc_537,hc_5_q87.png,AL,AX,BL,BW,QL,BW,"Q12 Style: Top refers to shape, Bot refers to count"
hc_538,hc_5_q88.png,AP,AX,NX,TE,TP,TE,"Q12 Style: Top refers to shape, Bot refers to count"
hc_539,hc_5_q89.png,BK,BN,BR,YN,ZN,YN,"Q12 Style: Top refers to shape, Bot refers to count"
hc_540,hc_5_q90.png,GX,GY,JY,TX,TY,GY,"Q12 Style: Top refers to shape, Bot refers to count"
hc_541,hc_5_q91.png,EQ,EZ,FZ,RQ,RZ,EQ,"Q12 Style: Top refers to shape, Bot refers to count"
hc_542,hc_5_q92.png,RQ,RU,RZ,SQ,SZ,SQ,"Q12 Style: Top refers to shape, Bot refers to count"
hc_543,hc_5_q93.png,FJ,FY,KJ,KY,PD,KY,"Q12 Style: Top refers to shape, Bot refers to count"
hc_544,hc_5_q94.png,BK,QD,QH,QK,YK,BK,"Q12 Style: Top refers to shape, Bot refers to count"
hc_545,hc_5_q95.png,GD,GZ,TZ,XD,XM,XD,"Q12 Style: Top refers to shape, Bot refers to count"
hc_546,hc_5_q96.png,ML,MV,UL,YL,YV,UL,"Q12 Style: Top refers to shape, Bot refers to count"
hc_547,hc_5_q97.png,BH,BU,BY,NH,NU,BH,"Q12 Style: Top refers to shape, Bot refers to count"
hc_548,hc_5_q98.png,CS,ES,EU,EV,TV,EV,"Q12 Style: Top refers to shape, Bot refers to count"
hc_549,hc_5_q99.png,BU,EJ,ZF,ZJ,ZU,ZU,"Q12 Style: Top refers to shape, Bot refers to count"
hc_550,hc_5_q100.png,BW,EJ,EK,LJ,LW,EJ,"Q12 Style: Top refers to shape, Bot refers to count"
hc_551,hc_5_q101.png,KE,KP,QE,QP,TE,KP,"Q13 Style: Top refers to position, Bot refers to shade"
hc_552,hc_5_q102.png,MG,TG,TU,YG,YU,YG,"Q13 Style: Top refers to position, Bot refers to shade"
hc_553,hc_5_q103.png,LF,LG,LT,RG,RT,RG,"Q13 Style: Top refers to position, Bot refers to shade"
hc_554,hc_5_q104.png,AP,AR,AZ,CR,LP,AR,"Q13 Style: Top refers to position, Bot refers to shade"
hc_555,hc_5_q105.png,AE,AG,LY,SE,SY,SY,"Q13 Style: Top refers to position, Bot refers to shade"
hc_556,hc_5_q106.png,DA,DP,TA,TC,VC,DP,"Q13 Style: Top refers to position, Bot refers to shade"
hc_557,hc_5_q107.png,BC,BU,BV,DV,TC,TC,"Q13 Style: Top refers to position, Bot refers to shade"
hc_558,hc_5_q108.png,JL,JP,UC,UL,XP,UL,"Q13 Style: Top refers to position, Bot refers to shade"
hc_559,hc_5_q109.png,LE,VA,VE,XA,XE,XE,"Q13 Style: Top refers to position, Bot refers to shade"
hc_560,hc_5_q110.png,GL,MB,MD,UB,UL,MD,"Q13 Style: Top refers to position, Bot refers to shade"
hc_561,hc_5_q111.png,JC,LC,LZ,YC,YZ,LC,"Q13 Style: Top refers to position, Bot refers to shade"
hc_562,hc_5_q112.png,FJ,FP,UC,UP,YJ,FJ,"Q13 Style: Top refers to position, Bot refers to shade"
hc_563,hc_5_q113.png,KY,QT,ZA,ZT,ZY,QT,"Q13 Style: Top refers to position, Bot refers to shade"
hc_564,hc_5_q114.png,CL,CU,GL,GU,WL,WL,"Q13 Style: Top refers to position, Bot refers to shade"
hc_565,hc_5_q115.png,JA,JE,RA,RE,VE,VE,"Q13 Style: Top refers to position, Bot refers to shade"
hc_566,hc_5_q116.png,BX,HS,WK,WS,WX,HS,"Q13 Style: Top refers to position, Bot refers to shade"
hc_567,hc_5_q117.png,CF,CK,JE,JF,TE,CF,"Q13 Style: Top refers to position, Bot refers to shade"
hc_568,hc_5_q118.png,DF,DT,DW,PT,PW,PW,"Q13 Style: Top refers to position, Bot refers to shade"
hc_569,hc_5_q119.png,HJ,HY,PJ,PU,QY,PJ,"Q13 Style: Top refers to position, Bot refers to shade"
hc_570,hc_5_q120.png,BF,BK,BR,HR,MF,MF,"Q13 Style: Top refers to position, Bot refers to shade"
hc_571,hc_5_q121.png,QJ,VD,VT,XD,XT,VD,"Q13 Style: Top refers to position, Bot refers to shade"
hc_572,hc_5_q122.png,FP,FX,GA,RP,RX,RX,"Q13 Style: Top refers to position, Bot refers to shade"
hc_573,hc_5_q123.png,LA,LG,TA,VA,VX,LG,"Q13 Style: Top refers to position, Bot refers to shade"
hc_574,hc_5_q124.png,FW,FY,HQ,HW,HY,FW,"Q13 Style: Top refers to position, Bot refers to shade"
hc_575,hc_5_q125.png,KC,TC,TJ,YB,YJ,KC,"Q13 Style: Top refers to position, Bot refers to shade"
hc_576,hc_5_q126.png,BW,HD,HX,RD,RW,RD,"Q13 Style: Top refers to position, Bot refers to shade"
hc_577,hc_5_q127.png,FT,ND,NH,NT,XH,NH,"Q13 Style: Top refers to position, Bot refers to shade"
hc_578,hc_5_q128.png,BP,BU,JR,XP,XU,XU,"Q13 Style: Top refers to position, Bot refers to shade"
hc_579,hc_5_q129.png,NB,NT,NZ,WB,WT,NT,"Q13 Style: Top refers to position, Bot refers to shade"
hc_580,hc_5_q130.png,GX,RK,RX,TK,TX,RK,"Q13 Style: Top refers to position, Bot refers to shade"
hc_581,hc_5_q131.png,ED,EP,JD,JQ,WQ,ED,"Q13 Style: Top refers to position, Bot refers to shade"
hc_582,hc_5_q132.png,YH,YN,ZH,ZN,ZX,YH,"Q13 Style: Top refers to position, Bot refers to shade"
hc_583,hc_5_q133.png,CV,LN,LV,LZ,TZ,TZ,"Q13 Style: Top refers to position, Bot refers to shade"
hc_584,hc_5_q134.png,SJ,WA,WJ,YA,YJ,WA,"Q13 Style: Top refers to position, Bot refers to shade"
hc_585,hc_5_q135.png,AZ,KB,KZ,YB,YZ,KB,"Q13 Style: Top refers to position, Bot refers to shade"
hc_586,hc_5_q136.png,FP,FX,MN,MP,VP,MP,"Q13 Style: Top refers to position, Bot refers to shade"
hc_587,hc_5_q137.png,JD,JY,PD,SN,SY,JY,"Q13 Style: Top refers to position, Bot refers to shade"
hc_588,hc_5_q138.png,NA,NH,RA,TH,TM,NH,"Q13 Style: Top refers to position, Bot refers to shade"
hc_589,hc_5_q139.png,DB,DQ,RB,RQ,RS,RB,"Q13 Style: Top refers to position, Bot refers to shade"
hc_590,hc_5_q140.png,FC,MA,MQ,XA,XQ,FC,"Q13 Style: Top refers to position, Bot refers to shade"
hc_591,hc_5_q141.png,CA,JA,JB,UA,UB,JB,"Q13 Style: Top refers to position, Bot refers to shade"
hc_592,hc_5_q142.png,AP,GN,GP,VN,VP,GP,"Q13 Style: Top refers to position, Bot refers to shade"
hc_593,hc_5_q143.png,EH,JL,JW,KL,KW,JL,"Q13 Style: Top refers to position, Bot refers to shade"
hc_594,hc_5_q144.png,BN,BX,LC,LN,WX,WX,"Q13 Style: Top refers to position, Bot refers to shade"
hc_595,hc_5_q145.png,LR,LY,MT,PR,PT,LY,"Q13 Style: Top refers to position, Bot refers to shade"
hc_596,hc_5_q146.png,AB,HB,HT,MT,MX,AB,"Q13 Style: Top refers to position, Bot refers to shade"
hc_597,hc_5_q147.png,DA,DB,PA,PB,PL,DA,"Q13 Style: Top refers to position, Bot refers to shade"
hc_598,hc_5_q148.png,GH,GP,WH,WU,XU,XU,"Q13 Style: Top refers to position, Bot refers to shade"
hc_599,hc_5_q149.png,CM,EF,GF,GM,GP,GM,"Q13 Style: Top refers to position, Bot refers to shade"
hc_600,hc_5_q150.png,JB,JW,RB,VD,VW,JB,"Q13 Style: Top refers to position, Bot refers to shade"
hc_601,hc_6_q1.png,GE,GN,PE,PN,UE,UE,"Q14 Style: Top=black_pos, Bot=shape"
hc_602,hc_6_q2.png,JF,JG,PX,YF,YX,JF,"Q14 Style: Top=black_pos, Bot=shape"
hc_603,hc_6_q3.png,CB,CW,MB,MR,VW,MR,"Q14 Style: Top=black_pos, Bot=shape"
hc_604,hc_6_q4.png,GZ,JP,JZ,QF,QZ,QF,"Q14 Style: Top=black_pos, Bot=shape"
hc_605,hc_6_q5.png,KW,TR,UA,UR,UW,UA,"Q14 Style: Top=black_pos, Bot=shape"
hc_606,hc_6_q6.png,DC,DQ,HL,NL,NQ,DQ,"Q14 Style: Top=black_pos, Bot=shape"
hc_607,hc_6_q7.png,AS,TG,TW,ZS,ZW,TG,"Q14 Style: Top=black_pos, Bot=shape"
hc_608,hc_6_q8.png,UP,XN,XP,YP,YZ,YP,"Q14 Style: Top=black_pos, Bot=shape"
hc_609,hc_6_q9.png,AZ,JN,JZ,SG,SZ,JZ,"Q14 Style: Top=black_pos, Bot=shape"
hc_610,hc_6_q10.png,ES,QL,QS,QY,XY,QS,"Q14 Style: Top=black_pos, Bot=shape"
hc_611,hc_6_q11.png,CF,CP,CR,MF,MP,CR,"Q14 Style: Top=black_pos, Bot=shape"
hc_612,hc_6_q12.png,DB,LG,XB,XG,XM,DB,"Q14 Style: Top=black_pos, Bot=shape"
hc_613,hc_6_q13.png,EG,EP,LP,VG,VP,LP,"Q14 Style: Top=black_pos, Bot=shape"
hc_614,hc_6_q14.png,CB,CG,NQ,SB,SG,CG,"Q14 Style: Top=black_pos, Bot=shape"
hc_615,hc_6_q15.png,MC,TC,TG,TP,UP,TC,"Q14 Style: Top=black_pos, Bot=shape"
hc_616,hc_6_q16.png,JA,JG,JH,NA,NH,JH,"Q14 Style: Top=black_pos, Bot=shape"
hc_617,hc_6_q17.png,FC,FN,HC,YN,YW,HC,"Q14 Style: Top=black_pos, Bot=shape"
hc_618,hc_6_q18.png,AU,AW,CW,GQ,GW,GW,"Q14 Style: Top=black_pos, Bot=shape"
hc_619,hc_6_q19.png,RG,RZ,UG,XC,XZ,RG,"Q14 Style: Top=black_pos, Bot=shape"
hc_620,hc_6_q20.png,DG,MG,MP,MR,TG,DG,"Q14 Style: Top=black_pos, Bot=shape"
hc_621,hc_6_q21.png,BQ,DG,DQ,EA,EG,EG,"Q14 Style: Top=black_pos, Bot=shape"
hc_622,hc_6_q22.png,DB,DK,DP,FB,FP,FP,"Q14 Style: Top=black_pos, Bot=shape"
hc_623,hc_6_q23.png,EL,NL,NP,QL,QV,NL,"Q14 Style: Top=black_pos, Bot=shape"
hc_624,hc_6_q24.png,BM,CD,CM,CX,KD,KD,"Q14 Style: Top=black_pos, Bot=shape"
hc_625,hc_6_q25.png,CB,CU,DQ,RQ,RU,RQ,"Q14 Style: Top=black_pos, Bot=shape"
hc_626,hc_6_q26.png,JX,UH,UX,UZ,WX,WX,"Q14 Style: Top=black_pos, Bot=shape"
hc_627,hc_6_q27.png,GM,GW,QM,QP,QW,QW,"Q14 Style: Top=black_pos, Bot=shape"
hc_628,hc_6_q28.png,EG,EJ,EN,YG,YJ,EG,"Q14 Style: Top=black_pos, Bot=shape"
hc_629,hc_6_q29.png,DG,DU,EG,EU,JG,DU,"Q14 Style: Top=black_pos, Bot=shape"
hc_630,hc_6_q30.png,ND,NM,VD,VM,VS,NM,"Q14 Style: Top=black_pos, Bot=shape"
hc_631,hc_6_q31.png,EQ,EZ,VQ,WQ,WZ,EZ,"Q14 Style: Top=black_pos, Bot=shape"
hc_632,hc_6_q32.png,AB,AL,FB,FW,KB,AB,"Q14 Style: Top=black_pos, Bot=shape"
hc_633,hc_6_q33.png,VK,VQ,VX,YK,YX,YK,"Q14 Style: Top=black_pos, Bot=shape"
hc_634,hc_6_q34.png,CA,CS,CY,JS,XY,CS,"Q14 Style: Top=black_pos, Bot=shape"
hc_635,hc_6_q35.png,LM,UY,ZM,ZT,ZY,ZY,"Q14 Style: Top=black_pos, Bot=shape"
hc_636,hc_6_q36.png,HD,HX,HY,RX,ZD,RX,"Q14 Style: Top=black_pos, Bot=shape"
hc_637,hc_6_q37.png,LA,QA,QP,VA,VY,VY,"Q14 Style: Top=black_pos, Bot=shape"
hc_638,hc_6_q38.png,HX,KU,KV,QU,QX,KV,"Q14 Style: Top=black_pos, Bot=shape"
hc_639,hc_6_q39.png,LY,QK,QY,WE,WY,WE,"Q14 Style: Top=black_pos, Bot=shape"
hc_640,hc_6_q40.png,JA,JL,NQ,XL,XQ,XQ,"Q14 Style: Top=black_pos, Bot=shape"
hc_641,hc_6_q41.png,GT,KA,KC,UA,UC,KA,"Q14 Style: Top=black_pos, Bot=shape"
hc_642,hc_6_q42.png,EB,EM,GB,GM,LB,EM,"Q14 Style: Top=black_pos, Bot=shape"
hc_643,hc_6_q43.png,KC,KR,TF,TR,VF,TR,"Q14 Style: Top=black_pos, Bot=shape"
hc_644,hc_6_q44.png,BA,BF,QA,RF,RU,BA,"Q14 Style: Top=black_pos, Bot=shape"
hc_645,hc_6_q45.png,KL,KY,SL,ZL,ZY,KY,"Q14 Style: Top=black_pos, Bot=shape"
hc_646,hc_6_q46.png,FB,FU,NB,NY,TU,FU,"Q14 Style: Top=black_pos, Bot=shape"
hc_647,hc_6_q47.png,PS,UA,UG,YG,YS,YG,"Q14 Style: Top=black_pos, Bot=shape"
hc_648,hc_6_q48.png,PG,PM,PN,WG,WN,PN,"Q14 Style: Top=black_pos, Bot=shape"
hc_649,hc_6_q49.png,ET,JV,SM,ST,SV,ET,"Q14 Style: Top=black_pos, Bot=shape"
hc_650,hc_6_q50.png,DA,DB,UA,ZA,ZB,DA,"Q14 Style: Top=black_pos, Bot=shape"
hc_651,hc_6_q51.png,HC,HN,TC,VD,VN,VD,"Q15 Style: Top=line_style, Bot=quadrant"
hc_652,hc_6_q52.png,AS,RK,RS,RY,WS,RS,"Q15 Style: Top=line_style, Bot=quadrant"
hc_653,hc_6_q53.png,AM,AX,AY,EX,KX,AX,"Q15 Style: Top=line_style, Bot=shape"
hc_654,hc_6_q54.png,QC,QV,TV,XC,XJ,XJ,"Q15 Style: Top=line_style, Bot=shape"
hc_655,hc_6_q55.png,LN,LS,RN,RS,US,US,"Q15 Style: Top=line_style, Bot=quadrant"
hc_656,hc_6_q56.png,CN,VN,VP,YJ,YP,VN,"Q15 Style: Top=line_style, Bot=quadrant"
hc_657,hc_6_q57.png,CE,CH,TE,WE,WH,CH,"Q15 Style: Top=line_style, Bot=quadrant"
hc_658,hc_6_q58.png,ES,EZ,TZ,YS,YZ,TZ,"Q15 Style: Top=line_style, Bot=quadrant"
hc_659,hc_6_q59.png,EQ,EV,EZ,RZ,UZ,UZ,"Q15 Style: Top=line_style, Bot=shape"
hc_660,hc_6_q60.png,HQ,HW,VB,VQ,VW,VB,"Q15 Style: Top=line_style, Bot=shape"
hc_661,hc_6_q61.png,BD,BE,CD,CM,YM,BD,"Q15 Style: Top=line_style, Bot=shape"
hc_662,hc_6_q62.png,HB,HX,QB,QC,RX,HX,"Q15 Style: Top=line_style, Bot=quadrant"
hc_663,hc_6_q63.png,CP,CY,DP,DY,KY,CY,"Q15 Style: Top=line_style, Bot=shape"
hc_664,hc_6_q64.png,NF,NX,PA,ZA,ZF,ZA,"Q15 Style: Top=line_style, Bot=quadrant"
hc_665,hc_6_q65.png,DG,DK,DQ,VG,WK,VG,"Q15 Style: Top=line_style, Bot=shape"
hc_666,hc_6_q66.png,UM,UT,UX,ZT,ZX,UT,"Q15 Style: Top=line_style, Bot=quadrant"
hc_667,hc_6_q67.png,BX,NH,NS,VS,VX,BX,"Q15 Style: Top=line_style, Bot=quadrant"
hc_668,hc_6_q68.png,JB,JL,JQ,PB,PL,PB,"Q15 Style: Top=line_style, Bot=shape"
hc_669,hc_6_q69.png,EX,TS,UB,US,UX,EX,"Q15 Style: Top=line_style, Bot=quadrant"
hc_670,hc_6_q70.png,KQ,RL,RQ,XM,XQ,XM,"Q15 Style: Top=line_style, Bot=quadrant"
hc_671,hc_6_q71.png,MG,MZ,PG,PK,PZ,PG,"Q15 Style: Top=line_style, Bot=quadrant"
hc_672,hc_6_q72.png,BK,BZ,NP,UK,UP,NP,"Q15 Style: Top=line_style, Bot=quadrant"
hc_673,hc_6_q73.png,EC,EF,JC,JF,JW,EC,"Q15 Style: Top=line_style, Bot=quadrant"
hc_674,hc_6_q74.png,PR,SU,WR,WU,WX,SU,"Q15 Style: Top=line_style, Bot=quadrant"
hc_675,hc_6_q75.png,GT,PT,PU,VT,VU,GT,"Q15 Style: Top=line_style, Bot=shape"
hc_676,hc_6_q76.png,AC,AJ,GC,GV,KC,GV,"Q15 Style: Top=line_style, Bot=shape"
hc_677,hc_6_q77.png,EF,ET,KQ,KT,MT,ET,"Q15 Style: Top=line_style, Bot=quadrant"
hc_678,hc_6_q78.png,BJ,CM,NE,NJ,NM,BJ,"Q15 Style: Top=line_style, Bot=quadrant"
hc_679,hc_6_q79.png,KN,KT,PN,YN,YT,KN,"Q15 Style: Top=line_style, Bot=quadrant"
hc_680,hc_6_q80.png,AN,AY,GN,GR,WY,GN,"Q15 Style: Top=line_style, Bot=quadrant"
hc_681,hc_6_q81.png,AX,AY,NX,WL,WY,NX,"Q15 Style: Top=line_style, Bot=quadrant"
hc_682,hc_6_q82.png,PD,PJ,XD,ZD,ZJ,ZD,"Q15 Style: Top=line_style, Bot=quadrant"
hc_683,hc_6_q83.png,PM,WM,XJ,XK,XM,WM,"Q15 Style: Top=line_style, Bot=quadrant"
hc_684,hc_6_q84.png,AF,AQ,GF,GM,GQ,GF,"Q15 Style: Top=line_style, Bot=quadrant"
hc_685,hc_6_q85.png,AF,AG,RF,ZB,ZG,AF,"Q15 Style: Top=line_style, Bot=quadrant"
hc_686,hc_6_q86.png,AB,AL,GL,VB,VL,VB,"Q15 Style: Top=line_style, Bot=quadrant"
hc_687,hc_6_q87.png,BQ,BW,FG,FW,UQ,FG,"Q15 Style: Top=line_style, Bot=shape"
hc_688,hc_6_q88.png,ME,MR,PE,PK,PR,MR,"Q15 Style: Top=line_style, Bot=quadrant"
hc_689,hc_6_q89.png,BL,BN,KL,KN,WV,BN,"Q15 Style: Top=line_style, Bot=shape"
hc_690,hc_6_q90.png,DG,PG,PX,UG,UX,UG,"Q15 Style: Top=line_style, Bot=shape"
hc_691,hc_6_q91.png,AW,AX,AZ,FW,FX,AW,"Q15 Style: Top=line_style, Bot=quadrant"
hc_692,hc_6_q92.png,HL,HM,HW,JM,JW,HL,"Q15 Style: Top=line_style, Bot=quadrant"
hc_693,hc_6_q93.png,JG,JR,QD,SG,SR,SR,"Q15 Style: Top=line_style, Bot=shape"
hc_694,hc_6_q94.png,FS,FT,KS,KT,KX,KS,"Q15 Style: Top=line_style, Bot=quadrant"
hc_695,hc_6_q95.png,HE,HT,HV,QT,QV,HE,"Q15 Style: Top=line_style, Bot=quadrant"
hc_696,hc_6_q96.png,CU,CY,PU,WU,WV,CU,"Q15 Style: Top=line_style, Bot=quadrant"
hc_697,hc_6_q97.png,FK,FV,NK,NW,TW,NW,"Q15 Style: Top=line_style, Bot=quadrant"
hc_698,hc_6_q98.png,GP,KP,KU,ST,SU,SU,"Q15 Style: Top=line_style, Bot=shape"
hc_699,hc_6_q99.png,AK,DH,DS,TH,TS,DH,"Q15 Style: Top=line_style, Bot=shape"
hc_700,hc_6_q100.png,DF,GA,GF,HF,HT,DF,"Q15 Style: Top=line_style, Bot=shape"
hc_701,hc_7_q1.png,ED,EH,TC,TD,ZC,TD,"Q16 Style: Top=position, Bot=inner_shape"
hc_702,hc_7_q2.png,SA,SB,SH,YA,YB,YB,"Q16 Style: Top=position, Bot=inner_shape"
hc_703,hc_7_q3.png,DK,DM,TM,XM,XU,XU,"Q16 Style: Top=position, Bot=inner_shape"
hc_704,hc_7_q4.png,QC,QE,QG,WC,WG,QG,"Q16 Style: Top=position, Bot=inner_shape"
hc_705,hc_7_q5.png,AL,AR,DR,DS,GS,AL,"Q16 Style: Top=position, Bot=inner_shape"
hc_706,hc_7_q6.png,KC,KQ,UQ,WQ,WX,WX,"Q16 Style: Top=position, Bot=inner_shape"
hc_707,hc_7_q7.png,GE,GM,HM,LE,LY,HM,"Q16 Style: Top=position, Bot=inner_shape"
hc_708,hc_7_q8.png,HE,HT,VE,VQ,VT,HT,"Q16 Style: Top=position, Bot=inner_shape"
hc_709,hc_7_q9.png,LB,LC,MB,SC,SU,MB,"Q16 Style: Top=position, Bot=inner_shape"
hc_710,hc_7_q10.png,CL,CU,CV,JL,JV,CL,"Q16 Style: Top=position, Bot=inner_shape"
hc_711,hc_7_q11.png,LC,LW,NC,NW,RC,NC,"Q16 Style: Top=position, Bot=inner_shape"
hc_712,hc_7_q12.png,GY,GZ,PY,UY,UZ,GZ,"Q16 Style: Top=position, Bot=inner_shape"
hc_713,hc_7_q13.png,LF,LG,PD,PF,PG,PD,"Q16 Style: Top=position, Bot=inner_shape"
hc_714,hc_7_q14.png,MK,SK,SW,VR,VW,VR,"Q16 Style: Top=position, Bot=inner_shape"
hc_715,hc_7_q15.png,DA,DX,DZ,EX,EZ,DZ,"Q16 Style: Top=position, Bot=inner_shape"
hc_716,hc_7_q16.png,CV,HM,HV,HZ,WM,HV,"Q16 Style: Top=position, Bot=inner_shape"
hc_717,hc_7_q17.png,DV,DY,FV,KV,KW,KW,"Q16 Style: Top=position, Bot=inner_shape"
hc_718,hc_7_q18.png,LA,LN,MA,MN,RA,RA,"Q16 Style: Top=position, Bot=inner_shape"
hc_719,hc_7_q19.png,BL,BM,BN,KN,QL,BM,"Q16 Style: Top=position, Bot=inner_shape"
hc_720,hc_7_q20.png,NS,RS,ZS,ZT,ZW,NS,"Q16 Style: Top=position, Bot=inner_shape"
hc_721,hc_7_q21.png,EF,EV,LF,LK,ZK,LK,"Q16 Style: Top=position, Bot=inner_shape"
hc_722,hc_7_q22.png,GA,GE,GL,WA,ZL,ZL,"Q16 Style: Top=position, Bot=inner_shape"
hc_723,hc_7_q23.png,EP,ER,FP,GD,GR,EP,"Q16 Style: Top=position, Bot=inner_shape"
hc_724,hc_7_q24.png,CH,CM,DH,DM,ZH,CH,"Q16 Style: Top=position, Bot=inner_shape"
hc_725,hc_7_q25.png,FD,FE,FG,ND,NE,ND,"Q16 Style: Top=position, Bot=inner_shape"
hc_726,hc_7_q26.png,EK,EX,NB,NK,WB,NB,"Q16 Style: Top=position, Bot=inner_shape"
hc_727,hc_7_q27.png,FT,NU,ZL,ZT,ZU,ZL,"Q16 Style: Top=position, Bot=inner_shape"
hc_728,hc_7_q28.png,LK,MK,MQ,TK,TQ,MQ,"Q16 Style: Top=position, Bot=inner_shape"
hc_729,hc_7_q29.png,KH,TH,TR,WA,WH,TR,"Q16 Style: Top=position, Bot=inner_shape"
hc_730,hc_7_q30.png,JC,JL,ML,MT,WL,JC,"Q16 Style: Top=position, Bot=inner_shape"
hc_731,hc_7_q31.png,ET,EY,PW,ST,SY,PW,"Q16 Style: Top=position, Bot=inner_shape"
hc_732,hc_7_q32.png,AJ,AK,CJ,CK,CP,CK,"Q16 Style: Top=position, Bot=inner_shape"
hc_733,hc_7_q33.png,EQ,EZ,JQ,JU,MU,EQ,"Q16 Style: Top=position, Bot=inner_shape"
hc_734,hc_7_q34.png,BT,BV,WT,XG,XV,XV,"Q16 Style: Top=position, Bot=inner_shape"
hc_735,hc_7_q35.png,DV,WF,WV,WY,ZF,WF,"Q16 Style: Top=position, Bot=inner_shape"
hc_736,hc_7_q36.png,AH,AM,AS,WS,XS,WS,"Q16 Style: Top=position, Bot=inner_shape"
hc_737,hc_7_q37.png,BT,LX,SE,ST,SX,SX,"Q16 Style: Top=position, Bot=inner_shape"
hc_738,hc_7_q38.png,HR,LR,LX,TF,TX,LR,"Q16 Style: Top=position, Bot=inner_shape"
hc_739,hc_7_q39.png,RK,SK,WK,WL,WP,WL,"Q16 Style: Top=position, Bot=inner_shape"
hc_740,hc_7_q40.png,CA,CJ,MJ,YJ,YU,YJ,"Q16 Style: Top=position, Bot=inner_shape"
hc_741,hc_7_q41.png,LM,LZ,NY,NZ,TY,NY,"Q16 Style: Top=position, Bot=inner_shape"
hc_742,hc_7_q42.png,BT,CE,CT,PE,PK,CE,"Q16 Style: Top=position, Bot=inner_shape"
hc_743,hc_7_q43.png,HE,HS,HY,MS,VY,HE,"Q16 Style: Top=position, Bot=inner_shape"
hc_744,hc_7_q44.png,JC,JN,JU,TN,VC,JN,"Q16 Style: Top=position, Bot=inner_shape"
hc_745,hc_7_q45.png,QJ,VJ,VK,WK,WP,WP,"Q16 Style: Top=position, Bot=inner_shape"
hc_746,hc_7_q46.png,QD,UD,UP,WD,WK,QD,"Q16 Style: Top=position, Bot=inner_shape"
hc_747,hc_7_q47.png,BK,GE,GK,JE,JN,BK,"Q16 Style: Top=position, Bot=inner_shape"
hc_748,hc_7_q48.png,EC,ED,EZ,HZ,YZ,EC,"Q16 Style: Top=position, Bot=inner_shape"
hc_749,hc_7_q49.png,UA,UM,YA,YM,YS,UA,"Q16 Style: Top=position, Bot=inner_shape"
hc_750,hc_7_q50.png,QC,QW,RC,RW,RY,RC,"Q16 Style: Top=position, Bot=inner_shape"
hc_751,hc_7_q51.png,AK,DE,DT,SE,SK,DT,"Q17 Style: Top=direction, Bot=count"
hc_752,hc_7_q52.png,DN,DW,HW,PN,PW,HW,"Q17 Style: Top=direction, Bot=count"
hc_753,hc_7_q53.png,HB,HC,HL,KC,SC,SC,"Q17 Style: Top=direction, Bot=count"
hc_754,hc_7_q54.png,JC,WC,WD,XC,XQ,WD,"Q17 Style: Top=direction, Bot=count"
hc_755,hc_7_q55.png,EJ,LJ,LT,LV,YV,EJ,"Q17 Style: Top=direction, Bot=count"
hc_756,hc_7_q56.png,BD,BY,HD,HP,HY,HD,"Q17 Style: Top=direction, Bot=count"
hc_757,hc_7_q57.png,DK,DW,DZ,LK,LZ,DK,"Q17 Style: Top=direction, Bot=count"
hc_758,hc_7_q58.png,HB,HF,LX,VB,VF,VF,"Q17 Style: Top=direction, Bot=count"
hc_759,hc_7_q59.png,EA,ET,LY,WA,WY,WA,"Q17 Style: Top=direction, Bot=count"
hc_760,hc_7_q60.png,GH,GM,QK,QM,RH,QM,"Q17 Style: Top=direction, Bot=count"
hc_761,hc_7_q61.png,BH,BZ,FH,FL,TH,FL,"Q17 Style: Top=direction, Bot=count"
hc_762,hc_7_q62.png,CF,CU,MF,MU,SU,SU,"Q17 Style: Top=direction, Bot=count"
hc_763,hc_7_q63.png,AG,AX,JX,JY,NY,NY,"Q17 Style: Top=direction, Bot=count"
hc_764,hc_7_q64.png,CB,CL,FB,VB,VL,VB,"Q17 Style: Top=direction, Bot=count"
hc_765,hc_7_q65.png,BD,BJ,MZ,TD,TJ,TD,"Q17 Style: Top=direction, Bot=count"
hc_766,hc_7_q66.png,MA,RA,ZA,ZJ,ZV,ZV,"Q17 Style: Top=direction, Bot=count"
hc_767,hc_7_q67.png,NC,NL,NU,TC,WL,NU,"Q17 Style: Top=direction, Bot=count"
hc_768,hc_7_q68.png,AJ,AZ,LS,VS,VZ,VZ,"Q17 Style: Top=direction, Bot=count"
hc_769,hc_7_q69.png,GC,GH,LH,SC,SH,GH,"Q17 Style: Top=direction, Bot=count"
hc_770,hc_7_q70.png,CA,CL,CN,PL,YA,CA,"Q17 Style: Top=direction, Bot=count"
hc_771,hc_7_q71.png,JK,TW,XK,XR,XW,XW,"Q17 Style: Top=direction, Bot=count"
hc_772,hc_7_q72.png,GJ,NJ,ZJ,ZR,ZT,NJ,"Q17 Style: Top=direction, Bot=count"
hc_773,hc_7_q73.png,FE,FJ,KE,XD,XJ,KE,"Q17 Style: Top=direction, Bot=count"
hc_774,hc_7_q74.png,FA,FP,FX,RX,TA,FP,"Q17 Style: Top=direction, Bot=count"
hc_775,hc_7_q75.png,EF,EU,SF,SN,XN,SN,"Q17 Style: Top=direction, Bot=count"
hc_776,hc_7_q76.png,SK,SP,UE,UP,XK,SP,"Q17 Style: Top=direction, Bot=count"
hc_777,hc_7_q77.png,FR,FV,JV,YR,YV,YR,"Q17 Style: Top=direction, Bot=count"
hc_778,hc_7_q78.png,KE,MA,MG,ZA,ZG,MA,"Q17 Style: Top=direction, Bot=count"
hc_779,hc_7_q79.png,CF,LH,LK,SF,SH,LK,"Q17 Style: Top=direction, Bot=count"
hc_780,hc_7_q80.png,QH,QK,QS,UK,US,UK,"Q17 Style: Top=direction, Bot=count"
hc_781,hc_7_q81.png,MD,MT,VC,VD,XT,VC,"Q17 Style: Top=direction, Bot=count"
hc_782,hc_7_q82.png,GR,GS,GY,VR,VS,GR,"Q17 Style: Top=direction, Bot=count"
hc_783,hc_7_q83.png,AC,BT,UC,UT,UW,AC,"Q17 Style: Top=direction, Bot=count"
hc_784,hc_7_q84.png,RE,RQ,SJ,UJ,UQ,UJ,"Q17 Style: Top=direction, Bot=count"
hc_785,hc_7_q85.png,BA,BX,GC,GX,WX,GC,"Q17 Style: Top=direction, Bot=count"
hc_786,hc_7_q86.png,BE,BQ,NQ,XE,XH,BQ,"Q17 Style: Top=direction, Bot=count"
hc_787,hc_7_q87.png,AB,AG,AU,FB,TU,TU,"Q17 Style: Top=direction, Bot=count"
hc_788,hc_7_q88.png,FA,FK,LA,LK,PN,FA,"Q17 Style: Top=direction, Bot=count"
hc_789,hc_7_q89.png,LZ,TD,TU,TZ,YZ,TD,"Q17 Style: Top=direction, Bot=count"
hc_790,hc_7_q90.png,CJ,CY,GY,PJ,PY,CY,"Q17 Style: Top=direction, Bot=count"
hc_791,hc_7_q91.png,KR,LF,QD,QF,QR,LF,"Q17 Style: Top=direction, Bot=count"
hc_792,hc_7_q92.png,EM,GM,YF,YK,YM,EM,"Q17 Style: Top=direction, Bot=count"
hc_793,hc_7_q93.png,FA,FZ,PG,PZ,VZ,FA,"Q17 Style: Top=direction, Bot=count"
hc_794,hc_7_q94.png,LT,LZ,PT,PW,YZ,LZ,"Q17 Style: Top=direction, Bot=count"
hc_795,hc_7_q95.png,AB,AG,AX,CG,ZG,CG,"Q17 Style: Top=direction, Bot=count"
hc_796,hc_7_q96.png,QE,XE,ZE,ZH,ZR,ZE,"Q17 Style: Top=direction, Bot=count"
hc_797,hc_7_q97.png,CL,CZ,NF,NL,NZ,CL,"Q17 Style: Top=direction, Bot=count"
hc_798,hc_7_q98.png,DQ,TF,TK,UK,UQ,UK,"Q17 Style: Top=direction, Bot=count"
hc_799,hc_7_q99.png,DC,DL,KL,KM,QM,DL,"Q17 Style: Top=direction, Bot=count"
hc_800,hc_7_q100.png,BN,JR,JT,PR,PT,PT,"Q17 Style: Top=direction, Bot=count"
hc_801,hc_7_q101.png,BJ,PH,PJ,PX,VH,VH,"Q18 Style: Top=sector_pos, Bot=shading"
hc_802,hc_7_q102.png,ND,XD,XP,YD,YP,XD,"Q18 Style: Top=sector_pos, Bot=shading"
hc_803,hc_7_q103.png,VN,XN,XQ,YN,YQ,XN,"Q18 Style: Top=sector_pos, Bot=shading"
hc_804,hc_7_q104.png,AB,NB,NH,NP,ZB,NP,"Q18 Style: Top=sector_pos, Bot=shading"
hc_805,hc_7_q105.png,JL,MN,VF,VL,VN,MN,"Q18 Style: Top=sector_pos, Bot=shading"
hc_806,hc_7_q106.png,CQ,RG,RW,XQ,XW,XQ,"Q18 Style: Top=sector_pos, Bot=shading"
hc_807,hc_7_q107.png,EL,EP,HK,HP,ZK,ZK,"Q18 Style: Top=sector_pos, Bot=shading"
hc_808,hc_7_q108.png,FB,FU,QB,QU,QV,QU,"Q18 Style: Top=sector_pos, Bot=shading"
hc_809,hc_7_q109.png,GM,GS,JR,JS,YS,GM,"Q18 Style: Top=sector_pos, Bot=shading"
hc_810,hc_7_q110.png,ME,NC,NE,NK,PK,ME,"Q18 Style: Top=sector_pos, Bot=shading"
hc_811,hc_7_q111.png,LM,QM,QW,QZ,VZ,VZ,"Q18 Style: Top=sector_pos, Bot=shading"
hc_812,hc_7_q112.png,GA,GF,GV,RA,WF,GF,"Q18 Style: Top=sector_pos, Bot=shading"
hc_813,hc_7_q113.png,QB,UB,XB,XR,XW,UB,"Q18 Style: Top=sector_pos, Bot=shading"
hc_814,hc_7_q114.png,CD,CG,EL,JD,JL,CD,"Q18 Style: Top=sector_pos, Bot=shading"
hc_815,hc_7_q115.png,PH,PL,UH,UK,ZH,PH,"Q18 Style: Top=sector_pos, Bot=shading"
hc_816,hc_7_q116.png,RA,XA,XJ,YA,YJ,YA,"Q18 Style: Top=sector_pos, Bot=shading"
hc_817,hc_7_q117.png,QA,QU,RU,XA,XS,XA,"Q18 Style: Top=sector_pos, Bot=shading"
hc_818,hc_7_q118.png,JA,JV,XA,XV,YS,JV,"Q18 Style: Top=sector_pos, Bot=shading"
hc_819,hc_7_q119.png,RS,RV,WG,WS,WV,WS,"Q18 Style: Top=sector_pos, Bot=shading"
hc_820,hc_7_q120.png,CZ,PM,PZ,RB,RZ,PM,"Q18 Style: Top=sector_pos, Bot=shading"
hc_821,hc_7_q121.png,AE,CR,TE,TR,TY,TE,"Q18 Style: Top=sector_pos, Bot=shading"
hc_822,hc_7_q122.png,FC,FQ,FR,HR,JQ,FR,"Q18 Style: Top=sector_pos, Bot=shading"
hc_823,hc_7_q123.png,CD,CJ,CY,FJ,WY,FJ,"Q18 Style: Top=sector_pos, Bot=shading"
hc_824,hc_7_q124.png,WF,WQ,WR,YF,YR,WR,"Q18 Style: Top=sector_pos, Bot=shading"
hc_825,hc_7_q125.png,JU,VF,VU,YC,YU,VF,"Q18 Style: Top=sector_pos, Bot=shading"
hc_826,hc_7_q126.png,NJ,UE,UF,UJ,XJ,UE,"Q18 Style: Top=sector_pos, Bot=shading"
hc_827,hc_7_q127.png,CF,CP,DP,DQ,TP,CF,"Q18 Style: Top=sector_pos, Bot=shading"
hc_828,hc_7_q128.png,CL,FL,VL,VW,VY,FL,"Q18 Style: Top=sector_pos, Bot=shading"
hc_829,hc_7_q129.png,DT,EG,ET,PT,PU,DT,"Q18 Style: Top=sector_pos, Bot=shading"
hc_830,hc_7_q130.png,CM,CT,DM,DS,QT,QT,"Q18 Style: Top=sector_pos, Bot=shading"
hc_831,hc_7_q131.png,FU,LC,LU,LX,ZX,FU,"Q18 Style: Top=sector_pos, Bot=shading"
hc_832,hc_7_q132.png,NE,NR,WE,ZQ,ZR,NE,"Q18 Style: Top=sector_pos, Bot=shading"
hc_833,hc_7_q133.png,HF,HS,RF,RS,US,RF,"Q18 Style: Top=sector_pos, Bot=shading"
hc_834,hc_7_q134.png,CE,CZ,FE,FZ,GZ,CZ,"Q18 Style: Top=sector_pos, Bot=shading"
hc_835,hc_7_q135.png,CE,CK,CV,GE,XV,CV,"Q18 Style: Top=sector_pos, Bot=shading"
hc_836,hc_7_q136.png,TC,VB,VC,ZB,ZC,VB,"Q18 Style: Top=sector_pos, Bot=shading"
hc_837,hc_7_q137.png,RC,RX,VC,VH,VX,RC,"Q18 Style: Top=sector_pos, Bot=shading"
hc_838,hc_7_q138.png,BH,BL,RH,RJ,YL,RH,"Q18 Style: Top=sector_pos, Bot=shading"
hc_839,hc_7_q139.png,LG,LU,NG,PE,PG,PG,"Q18 Style: Top=sector_pos, Bot=shading"
hc_840,hc_7_q140.png,MD,MQ,UF,UQ,ZD,ZD,"Q18 Style: Top=sector_pos, Bot=shading"
hc_841,hc_7_q141.png,BD,BQ,HD,PD,PK,BD,"Q18 Style: Top=sector_pos, Bot=shading"
hc_842,hc_7_q142.png,BR,BY,GD,GY,UY,GY,"Q18 Style: Top=sector_pos, Bot=shading"
hc_843,hc_7_q143.png,AW,BF,BW,JF,JW,AW,"Q18 Style: Top=sector_pos, Bot=shading"
hc_844,hc_7_q144.png,FK,FY,GZ,TY,TZ,TZ,"Q18 Style: Top=sector_pos, Bot=shading"
hc_845,hc_7_q145.png,BY,EA,EQ,LA,LQ,LA,"Q18 Style: Top=sector_pos, Bot=shading"
hc_846,hc_7_q146.png,BJ,PD,PJ,YD,YJ,YD,"Q18 Style: Top=sector_pos, Bot=shading"
hc_847,hc_7_q147.png,AN,AS,GS,GX,HX,HX,"Q18 Style: Top=sector_pos, Bot=shading"
hc_848,hc_7_q148.png,AB,AE,AG,KB,KG,AE,"Q18 Style: Top=sector_pos, Bot=shading"
hc_849,hc_7_q149.png,CM,EH,YH,YM,YV,YM,"Q18 Style: Top=sector_pos, Bot=shading"
hc_850,hc_7_q150.png,EU,EY,LU,XC,XU,XU,"Q18 Style: Top=sector_pos, Bot=shading"
hc_851,hc_8_q1.png,MF,MS,XE,ZF,ZS,ZS,"Q19 Style: Top=size_cat, Bot=dot_pos"
hc_852,hc_8_q2.png,KF,KL,KN,PF,ZL,KL,"Q19 Style: Top=size_cat, Bot=dot_pos"
hc_853,hc_8_q3.png,KB,KJ,KN,YB,YN,KJ,"Q19 Style: Top=size_cat, Bot=dot_pos"
hc_854,hc_8_q4.png,PJ,PL,PR,QR,ZL,QR,"Q19 Style: Top=size_cat, Bot=dot_pos"
hc_855,hc_8_q5.png,MG,MR,TG,TR,TU,MR,"Q19 Style: Top=size_cat, Bot=dot_pos"
hc_856,hc_8_q6.png,FJ,FX,LK,PK,PX,PX,"Q19 Style: Top=size_cat, Bot=dot_pos"
hc_857,hc_8_q7.png,JX,MF,MZ,PF,PZ,PZ,"Q19 Style: Top=size_cat, Bot=dot_pos"
hc_858,hc_8_q8.png,FG,FN,PG,PM,TN,FG,"Q19 Style: Top=size_cat, Bot=dot_pos"
hc_859,hc_8_q9.png,KA,LN,LX,RA,RX,RX,"Q19 Style: Top=size_cat, Bot=dot_pos"
hc_860,hc_8_q10.png,CA,GQ,GV,NQ,NV,GQ,"Q19 Style: Top=size_cat, Bot=dot_pos"
hc_861,hc_8_q11.png,EA,EN,ET,FA,JT,EA,"Q19 Style: Top=size_cat, Bot=dot_pos"
hc_862,hc_8_q12.png,CD,CH,ND,NH,PV,CH,"Q19 Style: Top=size_cat, Bot=dot_pos"
hc_863,hc_8_q13.png,KL,KP,ML,MX,VP,KP,"Q19 Style: Top=size_cat, Bot=dot_pos"
hc_864,hc_8_q14.png,JW,PB,PW,YB,YW,YW,"Q19 Style: Top=size_cat, Bot=dot_pos"
hc_865,hc_8_q15.png,AH,AN,RN,RT,XH,XH,"Q19 Style: Top=size_cat, Bot=dot_pos"
hc_866,hc_8_q16.png,GD,GV,LD,LN,SN,SN,"Q19 Style: Top=size_cat, Bot=dot_pos"
hc_867,hc_8_q17.png,FJ,FS,PS,VB,VS,PS,"Q19 Style: Top=size_cat, Bot=dot_pos"
hc_868,hc_8_q18.png,GJ,GS,HJ,MP,MS,HJ,"Q19 Style: Top=size_cat, Bot=dot_pos"
hc_869,hc_8_q19.png,GA,GC,QC,RA,RC,QC,"Q19 Style: Top=size_cat, Bot=dot_pos"
hc_870,hc_8_q20.png,AK,EB,EK,QB,QK,AK,"Q19 Style: Top=size_cat, Bot=dot_pos"
hc_871,hc_8_q21.png,DG,DY,NA,NG,XA,NA,"Q19 Style: Top=size_cat, Bot=dot_pos"
hc_872,hc_8_q22.png,DM,HM,HR,UM,UR,DM,"Q19 Style: Top=size_cat, Bot=dot_pos"
hc_873,hc_8_q23.png,FA,FR,HR,UN,UR,HR,"Q19 Style: Top=size_cat, Bot=dot_pos"
hc_874,hc_8_q24.png,MF,PF,PS,ZS,ZV,ZS,"Q19 Style: Top=size_cat, Bot=dot_pos"
hc_875,hc_8_q25.png,AB,CL,CT,UB,UT,AB,"Q19 Style: Top=size_cat, Bot=dot_pos"
hc_876,hc_8_q26.png,MN,MR,WL,WN,WR,MR,"Q19 Style: Top=size_cat, Bot=dot_pos"
hc_877,hc_8_q27.png,CE,CN,HQ,KE,KN,KE,"Q19 Style: Top=size_cat, Bot=dot_pos"
hc_878,hc_8_q28.png,AU,AW,HV,KU,KV,KV,"Q19 Style: Top=size_cat, Bot=dot_pos"
hc_879,hc_8_q29.png,DE,DR,DS,QR,QS,DS,"Q19 Style: Top=size_cat, Bot=dot_pos"
hc_880,hc_8_q30.png,CL,SF,SH,XF,XH,XF,"Q19 Style: Top=size_cat, Bot=dot_pos"
hc_881,hc_8_q31.png,BA,BJ,LD,LJ,PJ,LD,"Q19 Style: Top=size_cat, Bot=dot_pos"
hc_882,hc_8_q32.png,GF,GZ,KF,SD,SF,KF,"Q19 Style: Top=size_cat, Bot=dot_pos"
hc_883,hc_8_q33.png,RB,TB,TN,YB,YN,TN,"Q19 Style: Top=size_cat, Bot=dot_pos"
hc_884,hc_8_q34.png,CH,CM,EH,SH,SM,EH,"Q19 Style: Top=size_cat, Bot=dot_pos"
hc_885,hc_8_q35.png,ED,EH,GD,GP,XH,XH,"Q19 Style: Top=size_cat, Bot=dot_pos"
hc_886,hc_8_q36.png,MA,MH,MP,TA,YA,TA,"Q19 Style: Top=size_cat, Bot=dot_pos"
hc_887,hc_8_q37.png,FL,FM,FR,PL,SM,FM,"Q19 Style: Top=size_cat, Bot=dot_pos"
hc_888,hc_8_q38.png,FN,GN,VB,VN,VT,GN,"Q19 Style: Top=size_cat, Bot=dot_pos"
hc_889,hc_8_q39.png,EL,EZ,FL,FZ,WZ,WZ,"Q19 Style: Top=size_cat, Bot=dot_pos"
hc_890,hc_8_q40.png,GK,YK,YN,YS,ZK,ZK,"Q19 Style: Top=size_cat, Bot=dot_pos"
hc_891,hc_8_q41.png,MF,WF,XF,XN,XY,XY,"Q19 Style: Top=size_cat, Bot=dot_pos"
hc_892,hc_8_q42.png,CZ,NM,NZ,PM,PT,PT,"Q19 Style: Top=size_cat, Bot=dot_pos"
hc_893,hc_8_q43.png,FJ,FZ,HZ,LV,LZ,HZ,"Q19 Style: Top=size_cat, Bot=dot_pos"
hc_894,hc_8_q44.png,BA,BJ,RJ,VJ,VQ,VQ,"Q19 Style: Top=size_cat, Bot=dot_pos"
hc_895,hc_8_q45.png,CJ,SE,SR,YJ,YR,SR,"Q19 Style: Top=size_cat, Bot=dot_pos"
hc_896,hc_8_q46.png,BD,BM,LE,LM,RM,BM,"Q19 Style: Top=size_cat, Bot=dot_pos"
hc_897,hc_8_q47.png,FK,FZ,MK,VU,VZ,VU,"Q19 Style: Top=size_cat, Bot=dot_pos"
hc_898,hc_8_q48.png,AC,ND,NZ,XD,XZ,AC,"Q19 Style: Top=size_cat, Bot=dot_pos"
hc_899,hc_8_q49.png,TD,TQ,WV,XQ,XV,TD,"Q19 Style: Top=size_cat, Bot=dot_pos"
hc_900,hc_8_q50.png,GC,HA,HU,ZA,ZC,GC,"Q19 Style: Top=size_cat, Bot=dot_pos"
hc_901,hc_8_q51.png,JK,JL,SF,SK,SL,JL,"Q20 Style: Top=line_dir, Bot=size_cat"
hc_902,hc_8_q52.png,JC,PB,PC,PK,XB,XB,"Q20 Style: Top=line_dir, Bot=size_cat"
hc_903,hc_8_q53.png,FA,FP,MP,YA,YW,MP,"Q20 Style: Top=line_dir, Bot=size_cat"
hc_904,hc_8_q54.png,JW,LW,RU,RW,RX,RU,"Q20 Style: Top=line_dir, Bot=size_cat"
hc_905,hc_8_q55.png,CE,CS,CY,QS,ZS,QS,"Q20 Style: Top=line_dir, Bot=size_cat"
hc_906,hc_8_q56.png,DM,GJ,GM,UA,UJ,GJ,"Q20 Style: Top=line_dir, Bot=size_cat"
hc_907,hc_8_q57.png,CS,CT,QT,WS,WT,CS,"Q20 Style: Top=line_dir, Bot=size_cat"
hc_908,hc_8_q58.png,BD,BG,BY,FG,SG,BY,"Q20 Style: Top=line_dir, Bot=size_cat"
hc_909,hc_8_q59.png,QG,QV,SG,SZ,WG,SG,"Q20 Style: Top=line_dir, Bot=size_cat"
hc_910,hc_8_q60.png,DA,DW,KA,KL,KW,KL,"Q20 Style: Top=line_dir, Bot=size_cat"
hc_911,hc_8_q61.png,AP,LH,LP,YH,YX,LP,"Q20 Style: Top=line_dir, Bot=size_cat"
hc_912,hc_8_q62.png,QJ,QW,YT,YW,ZW,QJ,"Q20 Style: Top=line_dir, Bot=size_cat"
hc_913,hc_8_q63.png,MG,MR,PG,PR,SU,PR,"Q20 Style: Top=line_dir, Bot=size_cat"
hc_914,hc_8_q64.png,JU,JW,JY,LY,MW,LY,"Q20 Style: Top=line_dir, Bot=size_cat"
hc_915,hc_8_q65.png,BY,FQ,MQ,MX,MY,MQ,"Q20 Style: Top=line_dir, Bot=size_cat"
hc_916,hc_8_q66.png,CY,DH,DW,DY,GH,GH,"Q20 Style: Top=line_dir, Bot=size_cat"
hc_917,hc_8_q67.png,DE,DF,DP,HF,LP,LP,"Q20 Style: Top=line_dir, Bot=size_cat"
hc_918,hc_8_q68.png,LF,MV,MX,SV,SX,MX,"Q20 Style: Top=line_dir, Bot=size_cat"
hc_919,hc_8_q69.png,GN,HD,HN,HU,TN,HN,"Q20 Style: Top=line_dir, Bot=size_cat"
hc_920,hc_8_q70.png,GV,ML,MV,XL,XP,GV,"Q20 Style: Top=line_dir, Bot=size_cat"
hc_921,hc_8_q71.png,DM,DQ,YF,YM,YQ,YM,"Q20 Style: Top=line_dir, Bot=size_cat"
hc_922,hc_8_q72.png,BL,BP,BS,DL,DP,BS,"Q20 Style: Top=line_dir, Bot=size_cat"
hc_923,hc_8_q73.png,BJ,HF,HT,ZF,ZJ,ZJ,"Q20 Style: Top=line_dir, Bot=size_cat"
hc_924,hc_8_q74.png,JL,JN,QB,QL,ZN,QL,"Q20 Style: Top=line_dir, Bot=size_cat"
hc_925,hc_8_q75.png,CA,CG,FG,TA,TG,CA,"Q20 Style: Top=line_dir, Bot=size_cat"
hc_926,hc_8_q76.png,KF,LF,LN,UN,UX,LF,"Q20 Style: Top=line_dir, Bot=size_cat"
hc_927,hc_8_q77.png,FE,FN,FU,HE,VN,HE,"Q20 Style: Top=line_dir, Bot=size_cat"
hc_928,hc_8_q78.png,EF,ER,NF,NG,NR,NF,"Q20 Style: Top=line_dir, Bot=size_cat"
hc_929,hc_8_q79.png,FQ,FY,HQ,HS,TY,HQ,"Q20 Style: Top=line_dir, Bot=size_cat"
hc_930,hc_8_q80.png,DC,DH,GC,GH,XK,GH,"Q20 Style: Top=line_dir, Bot=size_cat"
hc_931,hc_8_q81.png,AL,AM,WL,WM,WN,AL,"Q20 Style: Top=line_dir, Bot=size_cat"
hc_932,hc_8_q82.png,PJ,PM,UJ,UL,WM,PM,"Q20 Style: Top=line_dir, Bot=size_cat"
hc_933,hc_8_q83.png,AG,AZ,EG,EZ,HG,EZ,"Q20 Style: Top=line_dir, Bot=size_cat"
hc_934,hc_8_q84.png,DM,DS,DW,GS,GW,GS,"Q20 Style: Top=line_dir, Bot=size_cat"
hc_935,hc_8_q85.png,AS,AX,HX,KD,KS,AS,"Q20 Style: Top=line_dir, Bot=size_cat"
hc_936,hc_8_q86.png,HL,HN,QL,QN,YP,QN,"Q20 Style: Top=line_dir, Bot=size_cat"
hc_937,hc_8_q87.png,FD,FW,RE,ZE,ZW,ZE,"Q20 Style: Top=line_dir, Bot=size_cat"
hc_938,hc_8_q88.png,FZ,SY,XB,XY,XZ,SY,"Q20 Style: Top=line_dir, Bot=size_cat"
hc_939,hc_8_q89.png,DG,DH,DM,ZG,ZH,ZH,"Q20 Style: Top=line_dir, Bot=size_cat"
hc_940,hc_8_q90.png,CV,DH,DV,WL,WV,CV,"Q20 Style: Top=line_dir, Bot=size_cat"
hc_941,hc_8_q91.png,EA,EG,SG,VA,VG,VG,"Q20 Style: Top=line_dir, Bot=size_cat"
hc_942,hc_8_q92.png,GF,GL,HF,HL,SF,SF,"Q20 Style: Top=line_dir, Bot=size_cat"
hc_943,hc_8_q93.png,BP,CG,CX,DG,DX,CG,"Q20 Style: Top=line_dir, Bot=size_cat"
hc_944,hc_8_q94.png,RS,RT,XF,YS,YT,YS,"Q20 Style: Top=line_dir, Bot=size_cat"
hc_945,hc_8_q95.png,KH,QR,QV,TR,TV,QR,"Q20 Style: Top=line_dir, Bot=size_cat"
hc_946,hc_8_q96.png,DA,DF,MS,TA,TS,MS,"Q20 Style: Top=line_dir, Bot=size_cat"
hc_947,hc_8_q97.png,HQ,NG,NJ,PG,PQ,NJ,"Q20 Style: Top=line_dir, Bot=size_cat"
hc_948,hc_8_q98.png,PG,PH,PR,VG,YR,VG,"Q20 Style: Top=line_dir, Bot=size_cat"
hc_949,hc_8_q99.png,QB,VL,VY,ZB,ZL,ZL,"Q20 Style: Top=line_dir, Bot=size_cat"
hc_950,hc_8_q100.png,DB,FG,FR,NG,NR,FG,"Q20 Style: Top=line_dir, Bot=size_cat"